{
    "version": "5.0.2",
    "flags": {},
    "shapes": [
        {
            "label": "Back_ID_Card",
            "line_color": null,
            "fill_color": null,
            "points": [
                [
                    4.230769230769226,
                    91.28205128205128
                ],
                [
                    26.794871794871796,
                    72.82051282051282
                ],
                [
                    576.5384615384615,
                    70.25641025641026
                ],
                [
                    595.5128205128206,
                    84.61538461538461
                ],
                [
                    604.2307692307693,
                    395.3846153846154
                ],
                [
                    587.3076923076924,
                    413.84615384615387
                ],
                [
                    18.07692307692308,
                    421.53846153846155
                ],
                [
                    3.2051282051282044,
                    401.53846153846155
                ]
            ],
            "shape_type": "polygon",
            "flags": {}
        }
    ],
    "lineColor": [
        0,
        255,
        0,
        128
    ],
    "fillColor": [
        255,
        0,
        0,
        128
    ],
    "imagePath": "",
    "imageData": "",
    "imageHeight": 480,
    "imageWidth": 640
}