{
    "version": "5.0.2",
    "flags": {},
    "shapes": [
        {
            "label": "Back_ID_Card",
            "line_color": null,
            "fill_color": null,
            "points": [
                [
                    39.61538461538461,
                    64.61538461538461
                ],
                [
                    56.02564102564102,
                    41.53846153846154
                ],
                [
                    543.2051282051282,
                    7.6923076923076925
                ],
                [
                    562.6923076923077,
                    22.05128205128205
                ],
                [
                    587.3076923076924,
                    361.53846153846155
                ],
                [
                    575.5128205128206,
                    386.1538461538462
                ],
                [
                    53.97435897435898,
                    430.7692307692308
                ],
                [
                    32.948717948717956,
                    407.6923076923077
                ]
            ],
            "shape_type": "polygon",
            "flags": {}
        }
    ],
    "lineColor": [
        0,
        255,
        0,
        128
    ],
    "fillColor": [
        255,
        0,
        0,
        128
    ],
    "imagePath": "",
    "imageData": "",
    "imageHeight": 480,
    "imageWidth": 640
}