{
    "version": "5.0.2",
    "flags": {},
    "shapes": [
        {
            "label": "Back_ID_Card",
            "line_color": null,
            "fill_color": null,
            "points": [
                [
                    15.0,
                    40.0
                ],
                [
                    31.41025641025641,
                    14.35897435897436
                ],
                [
                    608.3333333333334,
                    29.23076923076923
                ],
                [
                    625.2564102564103,
                    55.8974358974359
                ],
                [
                    602.6923076923077,
                    394.87179487179486
                ],
                [
                    585.2564102564103,
                    412.8205128205128
                ],
                [
                    53.97435897435898,
                    412.3076923076923
                ],
                [
                    36.53846153846155,
                    394.87179487179486
                ]
            ],
            "shape_type": "polygon",
            "flags": {}
        }
    ],
    "lineColor": [
        0,
        255,
        0,
        128
    ],
    "fillColor": [
        255,
        0,
        0,
        128
    ],
    "imagePath": "",
    "imageData": "",
    "imageHeight": 480,
    "imageWidth": 640
}