{
    "version": "5.0.2",
    "flags": {},
    "shapes": [
        {
            "label": "Back_ID_Card",
            "line_color": null,
            "fill_color": null,
            "points": [
                [
                    107.82051282051282,
                    185.12820512820514
                ],
                [
                    121.15384615384616,
                    172.82051282051282
                ],
                [
                    475.51282051282055,
                    183.0769230769231
                ],
                [
                    488.8461538461538,
                    195.3846153846154
                ],
                [
                    474.48717948717945,
                    310.7692307692308
                ],
                [
                    463.71794871794873,
                    321.53846153846155
                ],
                [
                    108.33333333333334,
                    307.6923076923077
                ],
                [
                    93.97435897435898,
                    295.8974358974359
                ]
            ],
            "shape_type": "polygon",
            "flags": {}
        }
    ],
    "lineColor": [
        0,
        255,
        0,
        128
    ],
    "fillColor": [
        255,
        0,
        0,
        128
    ],
    "imagePath": "",
    "imageData": "",
    "imageHeight": 480,
    "imageWidth": 640
}