{
    "version": "5.0.2",
    "flags": {},
    "shapes": [
        {
            "label": "Back_ID_Card",
            "line_color": null,
            "fill_color": null,
            "points": [
                [
                    113.46153846153845,
                    197.43589743589743
                ],
                [
                    129.35897435897436,
                    184.10256410256412
                ],
                [
                    503.2051282051282,
                    201.02564102564102
                ],
                [
                    513.4615384615385,
                    211.7948717948718
                ],
                [
                    499.1025641025641,
                    333.84615384615387
                ],
                [
                    485.2564102564103,
                    340.5128205128205
                ],
                [
                    108.84615384615384,
                    329.7435897435897
                ],
                [
                    98.58974358974359,
                    317.43589743589746
                ]
            ],
            "shape_type": "polygon",
            "flags": {}
        }
    ],
    "lineColor": [
        0,
        255,
        0,
        128
    ],
    "fillColor": [
        255,
        0,
        0,
        128
    ],
    "imagePath": "",
    "imageData": "",
    "imageHeight": 480,
    "imageWidth": 640
}