{
    "version": "5.0.2",
    "flags": {},
    "shapes": [
        {
            "label": "Back_ID_Card",
            "line_color": null,
            "fill_color": null,
            "points": [
                [
                    91.41025641025641,
                    167.17948717948718
                ],
                [
                    104.23076923076923,
                    154.87179487179486
                ],
                [
                    535.5128205128206,
                    161.02564102564102
                ],
                [
                    548.8461538461538,
                    173.84615384615384
                ],
                [
                    546.7948717948718,
                    310.2564102564103
                ],
                [
                    535.5128205128206,
                    323.0769230769231
                ],
                [
                    96.02564102564102,
                    319.4871794871795
                ],
                [
                    84.74358974358975,
                    305.64102564102564
                ]
            ],
            "shape_type": "polygon",
            "flags": {}
        }
    ],
    "lineColor": [
        0,
        255,
        0,
        128
    ],
    "fillColor": [
        255,
        0,
        0,
        128
    ],
    "imagePath": "",
    "imageData": "",
    "imageHeight": 480,
    "imageWidth": 640
}