{
    "version": "5.0.2",
    "flags": {},
    "shapes": [
        {
            "label": "Back_ID_Card",
            "line_color": null,
            "fill_color": null,
            "points": [
                [
                    52.86033519553072,
                    19.368715083798882
                ],
                [
                    78.0,
                    0.932960893854748
                ],
                [
                    581.9106145251396,
                    26.631284916201118
                ],
                [
                    600.9050279329609,
                    51.77094972067039
                ],
                [
                    628.8379888268156,
                    456.24022346368713
                ],
                [
                    601.4636871508379,
                    475.23463687150837
                ],
                [
                    21.016759776536304,
                    459.0335195530726
                ],
                [
                    8.726256983240233,
                    431.659217877095
                ]
            ],
            "shape_type": "polygon",
            "flags": {}
        }
    ],
    "lineColor": [
        0,
        255,
        0,
        128
    ],
    "fillColor": [
        255,
        0,
        0,
        128
    ],
    "imagePath": "117.jpeg",
    "imageData": "",
    "imageHeight": 480,
    "imageWidth": 640
}