{
    "version": "5.0.2",
    "flags": {},
    "shapes": [
        {
            "label": "Back_ID_Card",
            "line_color": null,
            "fill_color": null,
            "points": [
                [
                    13.47204968944098,
                    453.31677018633536
                ],
                [
                    0,
                    420
                ],
                [
                    98.56521739130432,
                    11.0807453416149
                ],
                [
                    129,
                    0
                ],
                [
                    607.8819875776397,
                    11.701863354037258
                ],
                [
                    627.7577639751553,
                    30.335403726708066
                ],
                [
                    579.3105590062112,
                    472.57142857142856
                ],
                [
                    563,
                    479
                ]
            ],
            "shape_type": "polygon",
            "flags": {}
        }
    ],
    "lineColor": [
        0,
        255,
        0,
        128
    ],
    "fillColor": [
        255,
        0,
        0,
        128
    ],
    "imagePath": "126.jpeg",
    "imageData": "",
    "imageHeight": 480,
    "imageWidth": 640
}