{
    "version": "5.0.2",
    "flags": {},
    "shapes": [
        {
            "label": "Back_ID_Card",
            "line_color": null,
            "fill_color": null,
            "points": [
                [
                    10.402234636871498,
                    31.100558659217874
                ],
                [
                    31.072625698324032,
                    10.430167597765362
                ],
                [
                    616.5474860335196,
                    27.748603351955303
                ],
                [
                    631.6312849162011,
                    46.184357541899445
                ],
                [
                    634.9832402234637,
                    454.56424581005587
                ],
                [
                    610.9608938547486,
                    477.46927374301674
                ],
                [
                    8.726256983240233,
                    460.70949720670393
                ],
                [
                    0,
                    425
                ]
            ],
            "shape_type": "polygon",
            "flags": {}
        }
    ],
    "lineColor": [
        0,
        255,
        0,
        128
    ],
    "fillColor": [
        255,
        0,
        0,
        128
    ],
    "imagePath": "129.jpeg",
    "imageData": "",
    "imageHeight": 480,
    "imageWidth": 640
}