{
    "version": "5.0.2",
    "flags": {},
    "shapes": [
        {
            "label": "Back_ID_Card",
            "line_color": null,
            "fill_color": null,
            "points": [
                [
                    33.05025125628141,
                    29.64824120603015
                ],
                [
                    51.643216080402,
                    8.542713567839195
                ],
                [
                    564.2060301507538,
                    12.56281407035176
                ],
                [
                    580.7889447236181,
                    26.633165829145728
                ],
                [
                    593.8542713567839,
                    451.2562814070352
                ],
                [
                    576.2663316582915,
                    472.8643216080402
                ],
                [
                    29.532663316582912,
                    474.8743718592965
                ],
                [
                    15.46231155778895,
                    451.2562814070352
                ]
            ],
            "shape_type": "polygon",
            "flags": {}
        }
    ],
    "lineColor": [
        0,
        255,
        0,
        128
    ],
    "fillColor": [
        255,
        0,
        0,
        128
    ],
    "imagePath": "142.jpeg",
    "imageData": "",
    "imageHeight": 480,
    "imageWidth": 640
}