{
    "version": "5.0.2",
    "flags": {},
    "shapes": [
        {
            "label": "Back_ID_Card",
            "line_color": null,
            "fill_color": null,
            "points": [
                [
                    9.4321608040201,
                    32.1608040201005
                ],
                [
                    33.05025125628141,
                    9.547738693467338
                ],
                [
                    607.9246231155779,
                    31.65829145728643
                ],
                [
                    625.0100502512563,
                    54.77386934673367
                ],
                [
                    615.964824120603,
                    451.2562814070352
                ],
                [
                    592.8492462311558,
                    471.356783919598
                ],
                [
                    12.949748743718587,
                    448.74371859296485
                ],
                [
                    0,
                    416
                ]
            ],
            "shape_type": "polygon",
            "flags": {}
        }
    ],
    "lineColor": [
        0,
        255,
        0,
        128
    ],
    "fillColor": [
        255,
        0,
        0,
        128
    ],
    "imagePath": "153.jpeg",
    "imageData": "",
    "imageHeight": 480,
    "imageWidth": 640
}