{
    "version": "5.0.2",
    "flags": {},
    "shapes": [
        {
            "label": "Back_ID_Card",
            "line_color": null,
            "fill_color": null,
            "points": [
                [
                    63.205128205128204,
                    105.12820512820512
                ],
                [
                    79.61538461538461,
                    85.64102564102565
                ],
                [
                    566.2820512820513,
                    92.3076923076923
                ],
                [
                    584.7435897435897,
                    110.25641025641026
                ],
                [
                    586.2820512820513,
                    388.20512820512823
                ],
                [
                    569.3589743589744,
                    404.1025641025641
                ],
                [
                    60.12820512820514,
                    387.6923076923077
                ],
                [
                    46.2820512820513,
                    373.3333333333333
                ]
            ],
            "shape_type": "polygon",
            "flags": {}
        }
    ],
    "lineColor": [
        0,
        255,
        0,
        128
    ],
    "fillColor": [
        255,
        0,
        0,
        128
    ],
    "imagePath": "168.jpeg",
    "imageData": "",
    "imageHeight": 480,
    "imageWidth": 640
}