{
    "version": "5.0.2",
    "flags": {},
    "shapes": [
        {
            "label": "Back_ID_Card",
            "line_color": null,
            "fill_color": null,
            "points": [
                [
                    8.44086021505376,
                    40.68817204301075
                ],
                [
                    35.860215053763426,
                    10.043010752688172
                ],
                [
                    576.1827956989247,
                    0.36559139784946204
                ],
                [
                    605.2150537634408,
                    22.946236559139784
                ],
                [
                    614.8924731182796,
                    420.258064516129
                ],
                [
                    595.5376344086021,
                    450.9032258064516
                ],
                [
                    21.344086021505376,
                    457.3548387096774
                ],
                [
                    0.37634408602150415,
                    420.79569892473114
                ]
            ],
            "shape_type": "polygon",
            "flags": {}
        }
    ],
    "lineColor": [
        0,
        255,
        0,
        128
    ],
    "fillColor": [
        255,
        0,
        0,
        128
    ],
    "imagePath": "189.jpeg",
    "imageData": "",
    "imageHeight": 480,
    "imageWidth": 640
}