{
    "version": "5.0.2",
    "flags": {},
    "shapes": [
        {
            "label": "Back_ID_Card",
            "line_color": null,
            "fill_color": null,
            "points": [
                [
                    3.7179487179487154,
                    65.12820512820512
                ],
                [
                    24.74358974358975,
                    41.53846153846154
                ],
                [
                    573.4615384615385,
                    5.641025641025641
                ],
                [
                    593.974358974359,
                    18.974358974358974
                ],
                [
                    639,
                    356
                ],
                [
                    637.5641025641025,
                    418.46153846153845
                ],
                [
                    35.0,
                    478.974358974359
                ],
                [
                    13.974358974358978,
                    465.12820512820514
                ]
            ],
            "shape_type": "polygon",
            "flags": {}
        }
    ],
    "lineColor": [
        0,
        255,
        0,
        128
    ],
    "fillColor": [
        255,
        0,
        0,
        128
    ],
    "imagePath": "213.jpeg",
    "imageData": "",
    "imageHeight": 480,
    "imageWidth": 640
}