{
    "version": "5.0.2",
    "flags": {},
    "shapes": [
        {
            "label": "Back_ID_Card",
            "line_color": null,
            "fill_color": null,
            "points": [
                [
                    8.846153846153854,
                    101.53846153846155
                ],
                [
                    26.794871794871796,
                    78.97435897435898
                ],
                [
                    487.30769230769226,
                    0.5128205128205129
                ],
                [
                    550.8974358974359,
                    3.076923076923077
                ],
                [
                    606.2820512820513,
                    363.5897435897436
                ],
                [
                    598.0769230769231,
                    386.6666666666667
                ],
                [
                    106,
                    479
                ],
                [
                    64.23076923076923,
                    476.4102564102564
                ]
            ],
            "shape_type": "polygon",
            "flags": {}
        }
    ],
    "lineColor": [
        0,
        255,
        0,
        128
    ],
    "fillColor": [
        255,
        0,
        0,
        128
    ],
    "imagePath": "318.jpeg",
    "imageData": "",
    "imageHeight": 480,
    "imageWidth": 640
}