{
    "version": "5.0.2",
    "flags": {},
    "shapes": [
        {
            "label": "Back_ID_Card",
            "line_color": null,
            "fill_color": null,
            "points": [
                [
                    472.43589743589746,
                    17.94871794871795
                ],
                [
                    499.61538461538464,
                    31.28205128205128
                ],
                [
                    522.1794871794872,
                    398.974358974359
                ],
                [
                    499.1025641025641,
                    413.3333333333333
                ],
                [
                    89.87179487179486,
                    436.9230769230769
                ],
                [
                    70.89743589743591,
                    421.53846153846155
                ],
                [
                    34.48717948717949,
                    29.743589743589745
                ],
                [
                    50.89743589743591,
                    13.846153846153847
                ]
            ],
            "shape_type": "polygon",
            "flags": {}
        }
    ],
    "lineColor": [
        0,
        255,
        0,
        128
    ],
    "fillColor": [
        255,
        0,
        0,
        128
    ],
    "imagePath": "322.JPEG",
    "imageData": "",
    "imageHeight": 480,
    "imageWidth": 640
}