{
    "version": "5.0.2",
    "flags": {},
    "shapes": [
        {
            "label": "Back_ID_Card",
            "line_color": null,
            "fill_color": null,
            "points": [
                [
                    110.89743589743591,
                    90.76923076923077
                ],
                [
                    128.33333333333334,
                    67.17948717948718
                ],
                [
                    519.1025641025641,
                    54.871794871794876
                ],
                [
                    534.4871794871794,
                    71.7948717948718
                ],
                [
                    551.4102564102565,
                    453.84615384615387
                ],
                [
                    536.025641025641,
                    472.3076923076923
                ],
                [
                    117.56410256410257,
                    477.43589743589746
                ],
                [
                    107.30769230769232,
                    465.64102564102564
                ]
            ],
            "shape_type": "polygon",
            "flags": {}
        }
    ],
    "lineColor": [
        0,
        255,
        0,
        128
    ],
    "fillColor": [
        255,
        0,
        0,
        128
    ],
    "imagePath": "326.JPEG",
    "imageData": "",
    "imageHeight": 480,
    "imageWidth": 640
}