{
    "version": "5.0.2",
    "flags": {},
    "shapes": [
        {
            "label": "Back_ID_Card",
            "line_color": null,
            "fill_color": null,
            "points": [
                [
                    500.1282051282052,
                    55.8974358974359
                ],
                [
                    527.3076923076924,
                    73.84615384615385
                ],
                [
                    519.1025641025641,
                    406.1538461538462
                ],
                [
                    505.76923076923083,
                    418.46153846153845
                ],
                [
                    136.02564102564102,
                    427.6923076923077
                ],
                [
                    120.64102564102564,
                    414.87179487179486
                ],
                [
                    99.61538461538461,
                    74.87179487179488
                ],
                [
                    118.58974358974359,
                    56.92307692307693
                ]
            ],
            "shape_type": "polygon",
            "flags": {}
        }
    ],
    "lineColor": [
        0,
        255,
        0,
        128
    ],
    "fillColor": [
        255,
        0,
        0,
        128
    ],
    "imagePath": "328.JPEG",
    "imageData": "",
    "imageHeight": 480,
    "imageWidth": 640
}