{
    "version": "5.0.2",
    "flags": {},
    "shapes": [
        {
            "label": "Back_ID_Card",
            "line_color": null,
            "fill_color": null,
            "points": [
                [
                    87.30769230769232,
                    153.33333333333334
                ],
                [
                    101.66666666666666,
                    137.43589743589743
                ],
                [
                    530.8974358974359,
                    131.2820512820513
                ],
                [
                    543.7179487179487,
                    141.53846153846155
                ],
                [
                    553.4615384615385,
                    286.15384615384613
                ],
                [
                    539.1025641025641,
                    295.3846153846154
                ],
                [
                    101.15384615384616,
                    301.02564102564105
                ],
                [
                    89.35897435897436,
                    289.2307692307692
                ]
            ],
            "shape_type": "polygon",
            "flags": {}
        }
    ],
    "lineColor": [
        0,
        255,
        0,
        128
    ],
    "fillColor": [
        255,
        0,
        0,
        128
    ],
    "imagePath": "331.JPEG",
    "imageData": "",
    "imageHeight": 480,
    "imageWidth": 640
}