{
    "version": "5.0.2",
    "flags": {},
    "shapes": [
        {
            "label": "Back_ID_Card",
            "line_color": null,
            "fill_color": null,
            "points": [
                [
                    502.1794871794872,
                    97.94871794871796
                ],
                [
                    521.1538461538462,
                    110.76923076923077
                ],
                [
                    516.025641025641,
                    356.4102564102564
                ],
                [
                    503.2051282051282,
                    367.1794871794872
                ],
                [
                    59.61538461538461,
                    372.3076923076923
                ],
                [
                    48.33333333333334,
                    361.53846153846155
                ],
                [
                    39.1025641025641,
                    107.17948717948718
                ],
                [
                    54.4871794871795,
                    94.35897435897436
                ]
            ],
            "shape_type": "polygon",
            "flags": {}
        }
    ],
    "lineColor": [
        0,
        255,
        0,
        128
    ],
    "fillColor": [
        255,
        0,
        0,
        128
    ],
    "imagePath": "332.JPEG",
    "imageData": "",
    "imageHeight": 480,
    "imageWidth": 640
}