{
    "version": "5.0.2",
    "flags": {},
    "shapes": [
        {
            "label": "Back_ID_Card",
            "line_color": null,
            "fill_color": null,
            "points": [
                [
                    58.86046511627907,
                    206.51162790697674
                ],
                [
                    69.09302325581396,
                    194.88372093023256
                ],
                [
                    584.9069767441861,
                    192.55813953488374
                ],
                [
                    593.7441860465117,
                    199.53488372093025
                ],
                [
                    595.6046511627907,
                    326.04651162790697
                ],
                [
                    584.9069767441861,
                    332.5581395348837
                ],
                [
                    73.74418604651163,
                    336.27906976744185
                ],
                [
                    63.51162790697674,
                    328.8372093023256
                ]
            ],
            "shape_type": "polygon",
            "flags": {}
        }
    ],
    "lineColor": [
        0,
        255,
        0,
        128
    ],
    "fillColor": [
        255,
        0,
        0,
        128
    ],
    "imagePath": "333.JPEG",
    "imageData": "",
    "imageHeight": 480,
    "imageWidth": 640
}