{
    "version": "5.0.2",
    "flags": {},
    "shapes": [
        {
            "label": "Back_ID_Card",
            "line_color": null,
            "fill_color": null,
            "points": [
                [
                    37.56410256410257,
                    184.10256410256412
                ],
                [
                    46.2820512820513,
                    174.87179487179486
                ],
                [
                    590.8974358974359,
                    169.74358974358975
                ],
                [
                    602.6923076923077,
                    181.53846153846155
                ],
                [
                    603.2051282051282,
                    286.15384615384613
                ],
                [
                    591.9230769230769,
                    295.3846153846154
                ],
                [
                    63.205128205128204,
                    303.0769230769231
                ],
                [
                    52.43589743589743,
                    295.8974358974359
                ]
            ],
            "shape_type": "polygon",
            "flags": {}
        }
    ],
    "lineColor": [
        0,
        255,
        0,
        128
    ],
    "fillColor": [
        255,
        0,
        0,
        128
    ],
    "imagePath": "335.JPEG",
    "imageData": "",
    "imageHeight": 480,
    "imageWidth": 640
}