{
    "version": "5.0.2",
    "flags": {},
    "shapes": [
        {
            "label": "Back_ID_Card",
            "line_color": null,
            "fill_color": null,
            "points": [
                [
                    56.53846153846155,
                    170.76923076923077
                ],
                [
                    67.82051282051282,
                    159.4871794871795
                ],
                [
                    540.6410256410256,
                    157.94871794871796
                ],
                [
                    555.0,
                    167.17948717948718
                ],
                [
                    563.2051282051282,
                    261.53846153846155
                ],
                [
                    550.8974358974359,
                    269.7435897435897
                ],
                [
                    60.641025641025635,
                    271.28205128205127
                ],
                [
                    50.38461538461539,
                    261.02564102564105
                ]
            ],
            "shape_type": "polygon",
            "flags": {}
        }
    ],
    "lineColor": [
        0,
        255,
        0,
        128
    ],
    "fillColor": [
        255,
        0,
        0,
        128
    ],
    "imagePath": "339.JPEG",
    "imageData": "",
    "imageHeight": 480,
    "imageWidth": 640
}