{
    "version": "5.0.2",
    "flags": {},
    "shapes": [
        {
            "label": "Back_ID_Card",
            "line_color": null,
            "fill_color": null,
            "points": [
                [
                    443.2051282051282,
                    124.61538461538461
                ],
                [
                    465.2564102564103,
                    136.4102564102564
                ],
                [
                    474.48717948717945,
                    329.7435897435897
                ],
                [
                    460.1282051282052,
                    339.4871794871795
                ],
                [
                    116.53846153846155,
                    348.20512820512823
                ],
                [
                    100.64102564102564,
                    335.3846153846154
                ],
                [
                    79.10256410256412,
                    136.92307692307693
                ],
                [
                    93.97435897435898,
                    125.12820512820512
                ]
            ],
            "shape_type": "polygon",
            "flags": {}
        }
    ],
    "lineColor": [
        0,
        255,
        0,
        128
    ],
    "fillColor": [
        255,
        0,
        0,
        128
    ],
    "imagePath": "341.JPEG",
    "imageData": "",
    "imageHeight": 480,
    "imageWidth": 640
}