{
    "version": "5.0.2",
    "flags": {},
    "shapes": [
        {
            "label": "Back_ID_Card",
            "line_color": null,
            "fill_color": null,
            "points": [
                [
                    63.71794871794873,
                    453.33333333333337
                ],
                [
                    48.33333333333334,
                    436.9230769230769
                ],
                [
                    85.76923076923077,
                    83.58974358974359
                ],
                [
                    106.2820512820513,
                    70.76923076923077
                ],
                [
                    491.9230769230769,
                    84.61538461538461
                ],
                [
                    506.28205128205127,
                    106.15384615384616
                ],
                [
                    484.2307692307693,
                    449.7435897435898
                ],
                [
                    458.0769230769231,
                    464.1025641025641
                ]
            ],
            "shape_type": "polygon",
            "flags": {}
        }
    ],
    "lineColor": [
        0,
        255,
        0,
        128
    ],
    "fillColor": [
        255,
        0,
        0,
        128
    ],
    "imagePath": "342.JPEG",
    "imageData": "",
    "imageHeight": 480,
    "imageWidth": 640
}