{
    "version": "5.0.2",
    "flags": {},
    "shapes": [
        {
            "label": "Back_ID_Card",
            "line_color": null,
            "fill_color": null,
            "points": [
                [
                    113.46153846153845,
                    197.94871794871796
                ],
                [
                    127.82051282051282,
                    188.2051282051282
                ],
                [
                    502.1794871794872,
                    194.35897435897436
                ],
                [
                    514.4871794871794,
                    203.5897435897436
                ],
                [
                    516.5384615384615,
                    327.1794871794872
                ],
                [
                    502.69230769230774,
                    337.94871794871796
                ],
                [
                    111.92307692307693,
                    335.3846153846154
                ],
                [
                    101.15384615384616,
                    318.974358974359
                ]
            ],
            "shape_type": "polygon",
            "flags": {}
        }
    ],
    "lineColor": [
        0,
        255,
        0,
        128
    ],
    "fillColor": [
        255,
        0,
        0,
        128
    ],
    "imagePath": "345.JPEG",
    "imageData": "",
    "imageHeight": 480,
    "imageWidth": 640
}