{
    "version": "5.0.2",
    "flags": {},
    "shapes": [
        {
            "label": "Back_ID_Card",
            "line_color": null,
            "fill_color": null,
            "points": [
                [
                    451.9230769230769,
                    159.4871794871795
                ],
                [
                    468.33333333333337,
                    180.0
                ],
                [
                    455.51282051282055,
                    440.5128205128205
                ],
                [
                    436.53846153846155,
                    450.7692307692308
                ],
                [
                    121.15384615384616,
                    458.46153846153845
                ],
                [
                    111.41025641025641,
                    439.4871794871795
                ],
                [
                    140.64102564102564,
                    157.43589743589743
                ],
                [
                    153.46153846153845,
                    144.10256410256412
                ]
            ],
            "shape_type": "polygon",
            "flags": {}
        }
    ],
    "lineColor": [
        0,
        255,
        0,
        128
    ],
    "fillColor": [
        255,
        0,
        0,
        128
    ],
    "imagePath": "346.JPEG",
    "imageData": "",
    "imageHeight": 480,
    "imageWidth": 640
}