{
    "version": "5.0.2",
    "flags": {},
    "shapes": [
        {
            "label": "Back_ID_Card",
            "line_color": null,
            "fill_color": null,
            "points": [
                [
                    47.30769230769232,
                    266.15384615384613
                ],
                [
                    63.205128205128204,
                    253.33333333333334
                ],
                [
                    541.6666666666666,
                    249.23076923076923
                ],
                [
                    555.5128205128206,
                    260.0
                ],
                [
                    568.3333333333334,
                    422.5641025641026
                ],
                [
                    553.974358974359,
                    434.35897435897436
                ],
                [
                    57.56410256410257,
                    439.4871794871795
                ],
                [
                    43.71794871794873,
                    424.1025641025641
                ]
            ],
            "shape_type": "polygon",
            "flags": {}
        }
    ],
    "lineColor": [
        0,
        255,
        0,
        128
    ],
    "fillColor": [
        255,
        0,
        0,
        128
    ],
    "imagePath": "348.JPEG",
    "imageData": "",
    "imageHeight": 480,
    "imageWidth": 640
}