{
    "version": "5.0.2",
    "flags": {},
    "shapes": [
        {
            "label": "Back_ID_Card",
            "line_color": null,
            "fill_color": null,
            "points": [
                [
                    463.2051282051282,
                    100.0
                ],
                [
                    476.025641025641,
                    110.76923076923077
                ],
                [
                    472.948717948718,
                    263.5897435897436
                ],
                [
                    460.64102564102564,
                    271.28205128205127
                ],
                [
                    166.7948717948718,
                    272.8205128205128
                ],
                [
                    157.56410256410257,
                    262.5641025641026
                ],
                [
                    152.43589743589743,
                    105.12820512820512
                ],
                [
                    166.7948717948718,
                    95.38461538461539
                ]
            ],
            "shape_type": "polygon",
            "flags": {}
        }
    ],
    "lineColor": [
        0,
        255,
        0,
        128
    ],
    "fillColor": [
        255,
        0,
        0,
        128
    ],
    "imagePath": "350.JPEG",
    "imageData": "",
    "imageHeight": 480,
    "imageWidth": 640
}