{
    "version": "5.0.2",
    "flags": {},
    "shapes": [
        {
            "label": "Back_ID_Card",
            "line_color": null,
            "fill_color": null,
            "points": [
                [
                    21.15384615384616,
                    220.51282051282053
                ],
                [
                    36.53846153846155,
                    206.66666666666666
                ],
                [
                    607.8205128205128,
                    206.15384615384616
                ],
                [
                    626.7948717948718,
                    218.46153846153845
                ],
                [
                    639,
                    332
                ],
                [
                    626.7948717948718,
                    344.1025641025641
                ],
                [
                    35.51282051282051,
                    349.7435897435897
                ],
                [
                    20.64102564102565,
                    339.4871794871795
                ]
            ],
            "shape_type": "polygon",
            "flags": {}
        }
    ],
    "lineColor": [
        0,
        255,
        0,
        128
    ],
    "fillColor": [
        255,
        0,
        0,
        128
    ],
    "imagePath": "352.JPEG",
    "imageData": "",
    "imageHeight": 480,
    "imageWidth": 640
}