{
    "version": "5.0.2",
    "flags": {},
    "shapes": [
        {
            "label": "Back_ID_Card",
            "line_color": null,
            "fill_color": null,
            "points": [
                [
                    447.8205128205128,
                    143.07692307692307
                ],
                [
                    463.71794871794873,
                    155.3846153846154
                ],
                [
                    456.53846153846155,
                    408.71794871794873
                ],
                [
                    441.66666666666663,
                    417.94871794871796
                ],
                [
                    160.12820512820514,
                    416.4102564102564
                ],
                [
                    148.84615384615384,
                    404.61538461538464
                ],
                [
                    151.4102564102564,
                    151.7948717948718
                ],
                [
                    164.74358974358975,
                    140.0
                ]
            ],
            "shape_type": "polygon",
            "flags": {}
        }
    ],
    "lineColor": [
        0,
        255,
        0,
        128
    ],
    "fillColor": [
        255,
        0,
        0,
        128
    ],
    "imagePath": "361.JPEG",
    "imageData": "",
    "imageHeight": 480,
    "imageWidth": 640
}