{
    "version": "5.0.2",
    "flags": {},
    "shapes": [
        {
            "label": "Back_ID_Card",
            "line_color": null,
            "fill_color": null,
            "points": [
                [
                    57.051282051282044,
                    158.46153846153845
                ],
                [
                    66.7948717948718,
                    148.2051282051282
                ],
                [
                    536.5384615384615,
                    138.97435897435898
                ],
                [
                    551.9230769230769,
                    151.2820512820513
                ],
                [
                    581.6666666666666,
                    283.0769230769231
                ],
                [
                    568.8461538461538,
                    295.8974358974359
                ],
                [
                    64.74358974358975,
                    309.2307692307692
                ],
                [
                    51.41025641025641,
                    296.4102564102564
                ]
            ],
            "shape_type": "polygon",
            "flags": {}
        }
    ],
    "lineColor": [
        0,
        255,
        0,
        128
    ],
    "fillColor": [
        255,
        0,
        0,
        128
    ],
    "imagePath": "363.JPEG",
    "imageData": "",
    "imageHeight": 480,
    "imageWidth": 640
}