{
    "version": "5.0.2",
    "flags": {},
    "shapes": [
        {
            "label": "Back_ID_Card",
            "line_color": null,
            "fill_color": null,
            "points": [
                [
                    102.17948717948718,
                    145.12820512820514
                ],
                [
                    112.43589743589743,
                    136.4102564102564
                ],
                [
                    596.5384615384615,
                    133.84615384615384
                ],
                [
                    611.4102564102565,
                    145.12820512820514
                ],
                [
                    611.4102564102565,
                    304.1025641025641
                ],
                [
                    596.025641025641,
                    315.8974358974359
                ],
                [
                    112.43589743589743,
                    314.35897435897436
                ],
                [
                    102.17948717948718,
                    302.05128205128204
                ]
            ],
            "shape_type": "polygon",
            "flags": {}
        }
    ],
    "lineColor": [
        0,
        255,
        0,
        128
    ],
    "fillColor": [
        255,
        0,
        0,
        128
    ],
    "imagePath": "367.JPEG",
    "imageData": "",
    "imageHeight": 480,
    "imageWidth": 640
}