{
    "version": "5.0.2",
    "flags": {},
    "shapes": [
        {
            "label": "Back_ID_Card",
            "line_color": null,
            "fill_color": null,
            "points": [
                [
                    528.8461538461538,
                    40.0
                ],
                [
                    558.0769230769231,
                    51.794871794871796
                ],
                [
                    584.7435897435897,
                    387.1794871794872
                ],
                [
                    565.2564102564103,
                    403.0769230769231
                ],
                [
                    31.92307692307692,
                    408.20512820512823
                ],
                [
                    18.58974358974359,
                    389.7435897435898
                ],
                [
                    22.692307692307693,
                    55.8974358974359
                ],
                [
                    43.205128205128204,
                    42.05128205128205
                ]
            ],
            "shape_type": "polygon",
            "flags": {}
        }
    ],
    "lineColor": [
        0,
        255,
        0,
        128
    ],
    "fillColor": [
        255,
        0,
        0,
        128
    ],
    "imagePath": "368.JPEG",
    "imageData": "",
    "imageHeight": 480,
    "imageWidth": 640
}