{
    "version": "5.0.2",
    "flags": {},
    "shapes": [
        {
            "label": "Back_ID_Card",
            "line_color": null,
            "fill_color": null,
            "points": [
                [
                    585.7692307692308,
                    31.794871794871796
                ],
                [
                    614.4871794871794,
                    46.666666666666664
                ],
                [
                    636.5384615384615,
                    439.4871794871795
                ],
                [
                    614.4871794871794,
                    457.43589743589746
                ],
                [
                    41.15384615384616,
                    461.53846153846155
                ],
                [
                    23.205128205128204,
                    443.0769230769231
                ],
                [
                    24.74358974358975,
                    52.30769230769231
                ],
                [
                    50.89743589743591,
                    34.35897435897436
                ]
            ],
            "shape_type": "polygon",
            "flags": {}
        }
    ],
    "lineColor": [
        0,
        255,
        0,
        128
    ],
    "fillColor": [
        255,
        0,
        0,
        128
    ],
    "imagePath": "374.JPEG",
    "imageData": "",
    "imageHeight": 480,
    "imageWidth": 640
}