{
    "version": "5.0.2",
    "flags": {},
    "shapes": [
        {
            "label": "Back_ID_Card",
            "line_color": null,
            "fill_color": null,
            "points": [
                [
                    131.92307692307693,
                    47.17948717948718
                ],
                [
                    148.84615384615384,
                    29.743589743589745
                ],
                [
                    477.56410256410254,
                    45.12820512820513
                ],
                [
                    492.43589743589746,
                    63.58974358974359
                ],
                [
                    491.41025641025647,
                    400.0
                ],
                [
                    475.51282051282055,
                    419.4871794871795
                ],
                [
                    141.15384615384616,
                    422.5641025641026
                ],
                [
                    125.76923076923077,
                    397.43589743589746
                ]
            ],
            "shape_type": "polygon",
            "flags": {}
        }
    ],
    "lineColor": [
        0,
        255,
        0,
        128
    ],
    "fillColor": [
        255,
        0,
        0,
        128
    ],
    "imagePath": "376.JPEG",
    "imageData": "",
    "imageHeight": 480,
    "imageWidth": 640
}