{
    "version": "5.0.2",
    "flags": {},
    "shapes": [
        {
            "label": "Back_ID_Card",
            "line_color": null,
            "fill_color": null,
            "points": [
                [
                    77.56410256410257,
                    130.25641025641025
                ],
                [
                    90.38461538461539,
                    117.43589743589745
                ],
                [
                    561.1538461538462,
                    120.51282051282051
                ],
                [
                    575.5128205128206,
                    129.74358974358975
                ],
                [
                    590.3846153846154,
                    284.1025641025641
                ],
                [
                    575.5128205128206,
                    294.35897435897436
                ],
                [
                    82.17948717948718,
                    298.46153846153845
                ],
                [
                    68.84615384615384,
                    285.64102564102564
                ]
            ],
            "shape_type": "polygon",
            "flags": {}
        }
    ],
    "lineColor": [
        0,
        255,
        0,
        128
    ],
    "fillColor": [
        255,
        0,
        0,
        128
    ],
    "imagePath": "379.JPEG",
    "imageData": "",
    "imageHeight": 480,
    "imageWidth": 640
}