{
    "version": "5.0.2",
    "flags": {},
    "shapes": [
        {
            "label": "Back_ID_Card",
            "line_color": null,
            "fill_color": null,
            "points": [
                [
                    9.358974358974365,
                    209.74358974358975
                ],
                [
                    23.717948717948715,
                    196.92307692307693
                ],
                [
                    558.0769230769231,
                    195.8974358974359
                ],
                [
                    578.0769230769231,
                    205.64102564102564
                ],
                [
                    592.948717948718,
                    390.7692307692308
                ],
                [
                    577.0512820512821,
                    406.1538461538462
                ],
                [
                    5.256410256410263,
                    404.1025641025641
                ],
                [
                    0,
                    375
                ]
            ],
            "shape_type": "polygon",
            "flags": {}
        }
    ],
    "lineColor": [
        0,
        255,
        0,
        128
    ],
    "fillColor": [
        255,
        0,
        0,
        128
    ],
    "imagePath": "382.JPEG",
    "imageData": "",
    "imageHeight": 480,
    "imageWidth": 640
}