{
    "version": "5.0.2",
    "flags": {},
    "shapes": [
        {
            "label": "Back_ID_Card",
            "line_color": null,
            "fill_color": null,
            "points": [
                [
                    34.48717948717949,
                    164.10256410256412
                ],
                [
                    47.82051282051282,
                    151.2820512820513
                ],
                [
                    575.5128205128206,
                    148.71794871794873
                ],
                [
                    591.4102564102565,
                    162.05128205128204
                ],
                [
                    599.1025641025641,
                    289.7435897435897
                ],
                [
                    587.8205128205128,
                    298.46153846153845
                ],
                [
                    43.71794871794873,
                    299.4871794871795
                ],
                [
                    29.358974358974365,
                    287.1794871794872
                ]
            ],
            "shape_type": "polygon",
            "flags": {}
        }
    ],
    "lineColor": [
        0,
        255,
        0,
        128
    ],
    "fillColor": [
        255,
        0,
        0,
        128
    ],
    "imagePath": "383.JPEG",
    "imageData": "",
    "imageHeight": 480,
    "imageWidth": 640
}