{
    "version": "5.0.2",
    "flags": {},
    "shapes": [
        {
            "label": "Back_ID_Card",
            "line_color": null,
            "fill_color": null,
            "points": [
                [
                    19.102564102564102,
                    152.82051282051282
                ],
                [
                    29.871794871794876,
                    136.92307692307693
                ],
                [
                    531.4102564102565,
                    118.97435897435898
                ],
                [
                    549.3589743589744,
                    131.7948717948718
                ],
                [
                    576.025641025641,
                    297.43589743589746
                ],
                [
                    563.7179487179487,
                    310.2564102564103
                ],
                [
                    38.58974358974359,
                    326.1538461538462
                ],
                [
                    25.769230769230774,
                    311.28205128205127
                ]
            ],
            "shape_type": "polygon",
            "flags": {}
        }
    ],
    "lineColor": [
        0,
        255,
        0,
        128
    ],
    "fillColor": [
        255,
        0,
        0,
        128
    ],
    "imagePath": "384.JPEG",
    "imageData": "",
    "imageHeight": 480,
    "imageWidth": 640
}