{
    "version": "5.0.2",
    "flags": {},
    "shapes": [
        {
            "label": "Back_ID_Card",
            "line_color": null,
            "fill_color": null,
            "points": [
                [
                    111.41025641025641,
                    162.05128205128204
                ],
                [
                    128.33333333333334,
                    152.82051282051282
                ],
                [
                    493.974358974359,
                    146.66666666666666
                ],
                [
                    507.3076923076924,
                    156.4102564102564
                ],
                [
                    510.38461538461536,
                    286.15384615384613
                ],
                [
                    497.0512820512821,
                    296.9230769230769
                ],
                [
                    88.84615384615384,
                    289.2307692307692
                ],
                [
                    83.2051282051282,
                    275.3846153846154
                ]
            ],
            "shape_type": "polygon",
            "flags": {}
        }
    ],
    "lineColor": [
        0,
        255,
        0,
        128
    ],
    "fillColor": [
        255,
        0,
        0,
        128
    ],
    "imagePath": "385.JPEG",
    "imageData": "",
    "imageHeight": 480,
    "imageWidth": 640
}