{
    "version": "5.0.2",
    "flags": {},
    "shapes": [
        {
            "label": "Back_ID_Card",
            "line_color": null,
            "fill_color": null,
            "points": [
                [
                    24.230769230769226,
                    67.17948717948718
                ],
                [
                    40.64102564102565,
                    42.05128205128205
                ],
                [
                    541.6666666666666,
                    1.0256410256410258
                ],
                [
                    586.7948717948718,
                    7.17948717948718
                ],
                [
                    639,
                    437
                ],
                [
                    616.5384615384615,
                    475.3846153846154
                ],
                [
                    198,
                    479
                ],
                [
                    24,
                    479
                ],
                [
                    0,
                    439
                ]
            ],
            "shape_type": "polygon",
            "flags": {}
        }
    ],
    "lineColor": [
        0,
        255,
        0,
        128
    ],
    "fillColor": [
        255,
        0,
        0,
        128
    ],
    "imagePath": "386.JPEG",
    "imageData": "",
    "imageHeight": 480,
    "imageWidth": 640
}