{
    "version": "5.0.2",
    "flags": {},
    "shapes": [
        {
            "label": "Back_ID_Card",
            "line_color": null,
            "fill_color": null,
            "points": [
                [
                    28.846153846153854,
                    42.56410256410256
                ],
                [
                    50.89743589743591,
                    17.94871794871795
                ],
                [
                    626.7948717948718,
                    28.205128205128204
                ],
                [
                    638.5897435897436,
                    46.666666666666664
                ],
                [
                    638.0769230769231,
                    435.8974358974359
                ],
                [
                    621.1538461538462,
                    451.7948717948718
                ],
                [
                    37.56410256410257,
                    437.94871794871796
                ],
                [
                    20.128205128205124,
                    416.9230769230769
                ]
            ],
            "shape_type": "polygon",
            "flags": {}
        }
    ],
    "lineColor": [
        0,
        255,
        0,
        128
    ],
    "fillColor": [
        255,
        0,
        0,
        128
    ],
    "imagePath": "394.JPEG",
    "imageData": "",
    "imageHeight": 480,
    "imageWidth": 640
}