{
    "version": "5.0.2",
    "flags": {},
    "shapes": [
        {
            "label": "Back_ID_Card",
            "line_color": null,
            "fill_color": null,
            "points": [
                [
                    0.1282051282051242,
                    28.71794871794872
                ],
                [
                    19.615384615384613,
                    9.743589743589745
                ],
                [
                    615.5128205128206,
                    7.17948717948718
                ],
                [
                    637.5641025641025,
                    28.71794871794872
                ],
                [
                    638.0769230769231,
                    450.2564102564103
                ],
                [
                    622.1794871794872,
                    472.3076923076923
                ],
                [
                    21.15384615384616,
                    477.43589743589746
                ],
                [
                    4.743589743589752,
                    456.4102564102564
                ]
            ],
            "shape_type": "polygon",
            "flags": {}
        }
    ],
    "lineColor": [
        0,
        255,
        0,
        128
    ],
    "fillColor": [
        255,
        0,
        0,
        128
    ],
    "imagePath": "397.JPEG",
    "imageData": "",
    "imageHeight": 480,
    "imageWidth": 640
}