{
    "version": "5.0.2",
    "flags": {},
    "shapes": [
        {
            "label": "Back_ID_Card",
            "line_color": null,
            "fill_color": null,
            "points": [
                [
                    29.358974358974365,
                    44.61538461538461
                ],
                [
                    46.794871794871796,
                    21.53846153846154
                ],
                [
                    582.6923076923077,
                    31.28205128205128
                ],
                [
                    602.6923076923077,
                    48.205128205128204
                ],
                [
                    607.8205128205128,
                    421.53846153846155
                ],
                [
                    583.2051282051282,
                    442.5641025641026
                ],
                [
                    37.56410256410257,
                    449.2307692307692
                ],
                [
                    22.692307692307693,
                    428.71794871794873
                ]
            ],
            "shape_type": "polygon",
            "flags": {}
        }
    ],
    "lineColor": [
        0,
        255,
        0,
        128
    ],
    "fillColor": [
        255,
        0,
        0,
        128
    ],
    "imagePath": "402.JPEG",
    "imageData": "",
    "imageHeight": 480,
    "imageWidth": 640
}