{
    "version": "5.0.2",
    "flags": {},
    "shapes": [
        {
            "label": "Back_ID_Card",
            "line_color": null,
            "fill_color": null,
            "points": [
                [
                    52.948717948717956,
                    45.12820512820513
                ],
                [
                    71.92307692307693,
                    20.512820512820515
                ],
                [
                    527.8205128205128,
                    7.17948717948718
                ],
                [
                    544.7435897435897,
                    20.512820512820515
                ],
                [
                    570.8974358974359,
                    414.87179487179486
                ],
                [
                    560.1282051282052,
                    434.35897435897436
                ],
                [
                    60.641025641025635,
                    458.46153846153845
                ],
                [
                    45.25641025641025,
                    436.4102564102564
                ]
            ],
            "shape_type": "polygon",
            "flags": {}
        }
    ],
    "lineColor": [
        0,
        255,
        0,
        128
    ],
    "fillColor": [
        255,
        0,
        0,
        128
    ],
    "imagePath": "407.JPEG",
    "imageData": "",
    "imageHeight": 480,
    "imageWidth": 640
}