{
    "version": "5.0.2",
    "flags": {},
    "shapes": [
        {
            "label": "Back_ID_Card",
            "line_color": null,
            "fill_color": null,
            "points": [
                [
                    31.41025641025641,
                    63.58974358974359
                ],
                [
                    52.948717948717956,
                    35.8974358974359
                ],
                [
                    611.9230769230769,
                    24.102564102564102
                ],
                [
                    637.5641025641025,
                    42.56410256410256
                ],
                [
                    638.5897435897436,
                    452.8205128205128
                ],
                [
                    628.3333333333334,
                    465.12820512820514
                ],
                [
                    28.846153846153854,
                    446.1538461538462
                ],
                [
                    13.974358974358978,
                    427.6923076923077
                ]
            ],
            "shape_type": "polygon",
            "flags": {}
        }
    ],
    "lineColor": [
        0,
        255,
        0,
        128
    ],
    "fillColor": [
        255,
        0,
        0,
        128
    ],
    "imagePath": "408.JPEG",
    "imageData": "",
    "imageHeight": 480,
    "imageWidth": 640
}