{
    "version": "5.0.2",
    "flags": {},
    "shapes": [
        {
            "label": "Back_ID_Card",
            "line_color": null,
            "fill_color": null,
            "points": [
                [
                    563.2051282051282,
                    14.35897435897436
                ],
                [
                    589.3589743589744,
                    27.17948717948718
                ],
                [
                    589.3589743589744,
                    451.7948717948718
                ],
                [
                    565.2564102564103,
                    469.7435897435898
                ],
                [
                    37.05128205128206,
                    473.84615384615387
                ],
                [
                    19.615384615384613,
                    456.4102564102564
                ],
                [
                    14.487179487179489,
                    30.256410256410255
                ],
                [
                    37.05128205128206,
                    13.846153846153847
                ]
            ],
            "shape_type": "polygon",
            "flags": {}
        }
    ],
    "lineColor": [
        0,
        255,
        0,
        128
    ],
    "fillColor": [
        255,
        0,
        0,
        128
    ],
    "imagePath": "409.JPEG",
    "imageData": "",
    "imageHeight": 480,
    "imageWidth": 640
}