{
    "version": "5.0.2",
    "flags": {},
    "shapes": [
        {
            "label": "Back_ID_Card",
            "line_color": null,
            "fill_color": null,
            "points": [
                [
                    3.7179487179487154,
                    50.769230769230774
                ],
                [
                    24.74358974358975,
                    25.128205128205128
                ],
                [
                    606.7948717948718,
                    7.6923076923076925
                ],
                [
                    627.3076923076924,
                    24.102564102564102
                ],
                [
                    638.5897435897436,
                    448.71794871794873
                ],
                [
                    619.6153846153846,
                    466.1538461538462
                ],
                [
                    25.769230769230774,
                    477.94871794871796
                ],
                [
                    4.743589743589752,
                    455.3846153846154
                ]
            ],
            "shape_type": "polygon",
            "flags": {}
        }
    ],
    "lineColor": [
        0,
        255,
        0,
        128
    ],
    "fillColor": [
        255,
        0,
        0,
        128
    ],
    "imagePath": "413.JPEG",
    "imageData": "",
    "imageHeight": 480,
    "imageWidth": 640
}