{
    "version": "5.0.2",
    "flags": {},
    "shapes": [
        {
            "label": "Back_ID_Card",
            "line_color": null,
            "fill_color": null,
            "points": [
                [
                    577.0512820512821,
                    6.666666666666667
                ],
                [
                    604.2307692307693,
                    25.128205128205128
                ],
                [
                    609.3589743589744,
                    436.4102564102564
                ],
                [
                    589.3589743589744,
                    454.87179487179486
                ],
                [
                    82.17948717948718,
                    476.4102564102564
                ],
                [
                    57.051282051282044,
                    460.0
                ],
                [
                    24.230769230769226,
                    20.0
                ],
                [
                    52.948717948717956,
                    0.0
                ]
            ],
            "shape_type": "polygon",
            "flags": {}
        }
    ],
    "lineColor": [
        0,
        255,
        0,
        128
    ],
    "fillColor": [
        255,
        0,
        0,
        128
    ],
    "imagePath": "414.JPEG",
    "imageData": "",
    "imageHeight": 480,
    "imageWidth": 640
}