{
    "version": "5.0.2",
    "flags": {},
    "shapes": [
        {
            "label": "Back_ID_Card",
            "line_color": null,
            "fill_color": null,
            "points": [
                [
                    4.743589743589752,
                    131.7948717948718
                ],
                [
                    30.384615384615387,
                    114.35897435897436
                ],
                [
                    585.2564102564103,
                    115.38461538461539
                ],
                [
                    605.7692307692308,
                    135.3846153846154
                ],
                [
                    597.5641025641025,
                    408.71794871794873
                ],
                [
                    584.7435897435897,
                    420.0
                ],
                [
                    32.435897435897445,
                    432.8205128205128
                ],
                [
                    18.07692307692308,
                    416.9230769230769
                ]
            ],
            "shape_type": "polygon",
            "flags": {}
        }
    ],
    "lineColor": [
        0,
        255,
        0,
        128
    ],
    "fillColor": [
        255,
        0,
        0,
        128
    ],
    "imagePath": "415.JPEG",
    "imageData": "",
    "imageHeight": 480,
    "imageWidth": 640
}