{
    "version": "5.0.2",
    "flags": {},
    "shapes": [
        {
            "label": "Back_ID_Card",
            "line_color": null,
            "fill_color": null,
            "points": [
                [
                    8.333333333333329,
                    43.07692307692308
                ],
                [
                    28.846153846153854,
                    16.923076923076923
                ],
                [
                    596.025641025641,
                    10.256410256410257
                ],
                [
                    617.5641025641025,
                    32.820512820512825
                ],
                [
                    626.2820512820513,
                    435.8974358974359
                ],
                [
                    609.3589743589744,
                    457.43589743589746
                ],
                [
                    36.02564102564102,
                    474.35897435897436
                ],
                [
                    16.538461538461547,
                    455.3846153846154
                ]
            ],
            "shape_type": "polygon",
            "flags": {}
        }
    ],
    "lineColor": [
        0,
        255,
        0,
        128
    ],
    "fillColor": [
        255,
        0,
        0,
        128
    ],
    "imagePath": "416.JPEG",
    "imageData": "",
    "imageHeight": 480,
    "imageWidth": 640
}