{
    "version": "5.0.2",
    "flags": {},
    "shapes": [
        {
            "label": "Back_ID_Card",
            "line_color": null,
            "fill_color": null,
            "points": [
                [
                    558.0769230769231,
                    6.666666666666667
                ],
                [
                    584.7435897435897,
                    16.923076923076923
                ],
                [
                    600.6410256410256,
                    443.0769230769231
                ],
                [
                    583.2051282051282,
                    460.0
                ],
                [
                    20.64102564102565,
                    464.61538461538464
                ],
                [
                    0.1282051282051242,
                    443.5897435897436
                ],
                [
                    0,
                    338
                ],
                [
                    2.1794871794871824,
                    25.128205128205128
                ],
                [
                    10.897435897435898,
                    12.307692307692308
                ]
            ],
            "shape_type": "polygon",
            "flags": {}
        }
    ],
    "lineColor": [
        0,
        255,
        0,
        128
    ],
    "fillColor": [
        255,
        0,
        0,
        128
    ],
    "imagePath": "423.JPEG",
    "imageData": "",
    "imageHeight": 480,
    "imageWidth": 640
}