{
    "version": "5.0.2",
    "flags": {},
    "shapes": [
        {
            "label": "Back_ID_Card",
            "line_color": null,
            "fill_color": null,
            "points": [
                [
                    3.2051282051282044,
                    61.02564102564103
                ],
                [
                    13.461538461538467,
                    37.94871794871795
                ],
                [
                    591.4102564102565,
                    2.0512820512820515
                ],
                [
                    619.1025641025641,
                    10.76923076923077
                ],
                [
                    637.5641025641025,
                    407.1794871794872
                ],
                [
                    617.5641025641025,
                    428.71794871794873
                ],
                [
                    46.2820512820513,
                    477.94871794871796
                ],
                [
                    20.64102564102565,
                    456.9230769230769
                ]
            ],
            "shape_type": "polygon",
            "flags": {}
        }
    ],
    "lineColor": [
        0,
        255,
        0,
        128
    ],
    "fillColor": [
        255,
        0,
        0,
        128
    ],
    "imagePath": "424.JPEG",
    "imageData": "",
    "imageHeight": 480,
    "imageWidth": 640
}