{
    "version": "5.0.2",
    "flags": {},
    "shapes": [
        {
            "label": "Back_ID_Card",
            "line_color": null,
            "fill_color": null,
            "points": [
                [
                    11.410256410256409,
                    60.0
                ],
                [
                    35.0,
                    32.30769230769231
                ],
                [
                    592.4358974358975,
                    16.923076923076923
                ],
                [
                    618.0769230769231,
                    26.666666666666668
                ],
                [
                    639,
                    443
                ],
                [
                    619.6153846153846,
                    463.0769230769231
                ],
                [
                    21.15384615384616,
                    474.87179487179486
                ],
                [
                    0,
                    453
                ]
            ],
            "shape_type": "polygon",
            "flags": {}
        }
    ],
    "lineColor": [
        0,
        255,
        0,
        128
    ],
    "fillColor": [
        255,
        0,
        0,
        128
    ],
    "imagePath": "426.JPEG",
    "imageData": "",
    "imageHeight": 480,
    "imageWidth": 640
}