{
    "version": "5.0.2",
    "flags": {},
    "shapes": [
        {
            "label": "Back_ID_Card",
            "line_color": null,
            "fill_color": null,
            "points": [
                [
                    495.0,
                    34.35897435897436
                ],
                [
                    518.5897435897436,
                    49.743589743589745
                ],
                [
                    529.8717948717949,
                    426.1538461538462
                ],
                [
                    516.5384615384615,
                    443.5897435897436
                ],
                [
                    99.61538461538461,
                    450.2564102564103
                ],
                [
                    83.71794871794873,
                    429.7435897435898
                ],
                [
                    76.53846153846155,
                    50.256410256410255
                ],
                [
                    96.02564102564102,
                    33.84615384615385
                ]
            ],
            "shape_type": "polygon",
            "flags": {}
        }
    ],
    "lineColor": [
        0,
        255,
        0,
        128
    ],
    "fillColor": [
        255,
        0,
        0,
        128
    ],
    "imagePath": "442.JPEG",
    "imageData": "",
    "imageHeight": 480,
    "imageWidth": 640
}