{
    "version": "5.0.2",
    "flags": {},
    "shapes": [
        {
            "label": "Back_ID_Card",
            "line_color": null,
            "fill_color": null,
            "points": [
                [
                    7.307692307692307,
                    33.333333333333336
                ],
                [
                    24.230769230769226,
                    8.205128205128206
                ],
                [
                    590.3846153846154,
                    3.076923076923077
                ],
                [
                    610.3846153846154,
                    22.05128205128205
                ],
                [
                    608.3333333333334,
                    456.9230769230769
                ],
                [
                    586.2820512820513,
                    477.94871794871796
                ],
                [
                    12.948717948717956,
                    442.5641025641026
                ],
                [
                    0,
                    407
                ]
            ],
            "shape_type": "polygon",
            "flags": {}
        }
    ],
    "lineColor": [
        0,
        255,
        0,
        128
    ],
    "fillColor": [
        255,
        0,
        0,
        128
    ],
    "imagePath": "444.JPEG",
    "imageData": "",
    "imageHeight": 480,
    "imageWidth": 640
}