{
    "version": "5.0.2",
    "flags": {},
    "shapes": [
        {
            "label": "Back_ID_Card",
            "line_color": null,
            "fill_color": null,
            "points": [
                [
                    63.71794871794873,
                    153.84615384615384
                ],
                [
                    73.46153846153845,
                    142.56410256410257
                ],
                [
                    561.1538461538462,
                    134.35897435897436
                ],
                [
                    575.0,
                    144.6153846153846
                ],
                [
                    584.2307692307693,
                    315.3846153846154
                ],
                [
                    575.0,
                    329.2307692307692
                ],
                [
                    71.41025641025641,
                    328.71794871794873
                ],
                [
                    61.15384615384616,
                    316.9230769230769
                ]
            ],
            "shape_type": "polygon",
            "flags": {}
        }
    ],
    "lineColor": [
        0,
        255,
        0,
        128
    ],
    "fillColor": [
        255,
        0,
        0,
        128
    ],
    "imagePath": "447.JPEG",
    "imageData": "",
    "imageHeight": 480,
    "imageWidth": 640
}