{
    "version": "5.0.2",
    "flags": {},
    "shapes": [
        {
            "label": "Back_ID_Card",
            "line_color": null,
            "fill_color": null,
            "points": [
                [
                    606.7948717948718,
                    17.94871794871795
                ],
                [
                    633.974358974359,
                    31.28205128205128
                ],
                [
                    620.1282051282052,
                    448.71794871794873
                ],
                [
                    593.974358974359,
                    461.53846153846155
                ],
                [
                    46.2820512820513,
                    477.94871794871796
                ],
                [
                    31.41025641025641,
                    461.53846153846155
                ],
                [
                    7.307692307692307,
                    17.435897435897438
                ],
                [
                    40.128205128205124,
                    0.0
                ]
            ],
            "shape_type": "polygon",
            "flags": {}
        }
    ],
    "lineColor": [
        0,
        255,
        0,
        128
    ],
    "fillColor": [
        255,
        0,
        0,
        128
    ],
    "imagePath": "452.JPEG",
    "imageData": "",
    "imageHeight": 480,
    "imageWidth": 640
}