{
    "version": "5.0.2",
    "flags": {},
    "shapes": [
        {
            "label": "Back_ID_Card",
            "line_color": null,
            "fill_color": null,
            "points": [
                [
                    5.769230769230774,
                    190.76923076923077
                ],
                [
                    18.58974358974359,
                    173.33333333333334
                ],
                [
                    602.6923076923077,
                    158.97435897435898
                ],
                [
                    622.1794871794872,
                    172.30769230769232
                ],
                [
                    637.5641025641025,
                    377.94871794871796
                ],
                [
                    620.1282051282052,
                    392.8205128205128
                ],
                [
                    13.974358974358978,
                    387.1794871794872
                ],
                [
                    3.7179487179487154,
                    367.6923076923077
                ]
            ],
            "shape_type": "polygon",
            "flags": {}
        }
    ],
    "lineColor": [
        0,
        255,
        0,
        128
    ],
    "fillColor": [
        255,
        0,
        0,
        128
    ],
    "imagePath": "459.JPEG",
    "imageData": "",
    "imageHeight": 480,
    "imageWidth": 640
}