{
    "version": "5.0.2",
    "flags": {},
    "shapes": [
        {
            "label": "Back_ID_Card",
            "line_color": null,
            "fill_color": null,
            "points": [
                [
                    28.846153846153854,
                    57.43589743589744
                ],
                [
                    46.794871794871796,
                    33.333333333333336
                ],
                [
                    565.7692307692308,
                    26.666666666666668
                ],
                [
                    586.2820512820513,
                    43.58974358974359
                ],
                [
                    618.0769230769231,
                    430.7692307692308
                ],
                [
                    602.6923076923077,
                    453.33333333333337
                ],
                [
                    32.948717948717956,
                    470.2564102564103
                ],
                [
                    13.974358974358978,
                    447.6923076923077
                ]
            ],
            "shape_type": "polygon",
            "flags": {}
        }
    ],
    "lineColor": [
        0,
        255,
        0,
        128
    ],
    "fillColor": [
        255,
        0,
        0,
        128
    ],
    "imagePath": "460.JPEG",
    "imageData": "",
    "imageHeight": 480,
    "imageWidth": 640
}