{
    "version": "5.0.2",
    "flags": {},
    "shapes": [
        {
            "label": "Back_ID_Card",
            "line_color": null,
            "fill_color": null,
            "points": [
                [
                    500.64102564102564,
                    61.02564102564103
                ],
                [
                    525.2564102564103,
                    75.38461538461539
                ],
                [
                    558.5897435897436,
                    429.7435897435898
                ],
                [
                    548.8461538461538,
                    449.2307692307692
                ],
                [
                    58.076923076923066,
                    468.20512820512823
                ],
                [
                    38.58974358974359,
                    452.3076923076923
                ],
                [
                    0,
                    90
                ],
                [
                    10.897435897435898,
                    64.1025641025641
                ]
            ],
            "shape_type": "polygon",
            "flags": {}
        }
    ],
    "lineColor": [
        0,
        255,
        0,
        128
    ],
    "fillColor": [
        255,
        0,
        0,
        128
    ],
    "imagePath": "463.JPEG",
    "imageData": "",
    "imageHeight": 480,
    "imageWidth": 640
}