{
    "version": "5.0.2",
    "flags": {},
    "shapes": [
        {
            "label": "Back_ID_Card",
            "line_color": null,
            "fill_color": null,
            "points": [
                [
                    511.41025641025647,
                    16.923076923076923
                ],
                [
                    537.0512820512821,
                    31.794871794871796
                ],
                [
                    544.7435897435897,
                    442.05128205128204
                ],
                [
                    521.6666666666666,
                    458.46153846153845
                ],
                [
                    64.23076923076923,
                    460.5128205128205
                ],
                [
                    46.794871794871796,
                    440.0
                ],
                [
                    38.07692307692308,
                    37.43589743589744
                ],
                [
                    60.12820512820514,
                    17.435897435897438
                ]
            ],
            "shape_type": "polygon",
            "flags": {}
        }
    ],
    "lineColor": [
        0,
        255,
        0,
        128
    ],
    "fillColor": [
        255,
        0,
        0,
        128
    ],
    "imagePath": "468.JPEG",
    "imageData": "",
    "imageHeight": 480,
    "imageWidth": 640
}