{
    "version": "5.0.2",
    "flags": {},
    "shapes": [
        {
            "label": "Back_ID_Card",
            "line_color": null,
            "fill_color": null,
            "points": [
                [
                    2.1794871794871824,
                    35.38461538461539
                ],
                [
                    23.205128205128204,
                    10.76923076923077
                ],
                [
                    621.6666666666666,
                    29.23076923076923
                ],
                [
                    637.5641025641025,
                    49.23076923076923
                ],
                [
                    629.3589743589744,
                    455.8974358974359
                ],
                [
                    607.8205128205128,
                    474.87179487179486
                ],
                [
                    16.538461538461547,
                    466.6666666666667
                ],
                [
                    0.1282051282051242,
                    436.9230769230769
                ]
            ],
            "shape_type": "polygon",
            "flags": {}
        }
    ],
    "lineColor": [
        0,
        255,
        0,
        128
    ],
    "fillColor": [
        255,
        0,
        0,
        128
    ],
    "imagePath": "469.JPEG",
    "imageData": "",
    "imageHeight": 480,
    "imageWidth": 640
}