{
    "version": "5.0.2",
    "flags": {},
    "shapes": [
        {
            "label": "Back_ID_Card",
            "line_color": null,
            "fill_color": null,
            "points": [
                [
                    29.358974358974365,
                    103.58974358974359
                ],
                [
                    43.71794871794873,
                    85.12820512820512
                ],
                [
                    561.1538461538462,
                    37.43589743589744
                ],
                [
                    580.1282051282052,
                    51.282051282051285
                ],
                [
                    612.4358974358975,
                    395.3846153846154
                ],
                [
                    594.4871794871794,
                    416.4102564102564
                ],
                [
                    45.25641025641025,
                    438.46153846153845
                ],
                [
                    30.897435897435898,
                    417.94871794871796
                ]
            ],
            "shape_type": "polygon",
            "flags": {}
        }
    ],
    "lineColor": [
        0,
        255,
        0,
        128
    ],
    "fillColor": [
        255,
        0,
        0,
        128
    ],
    "imagePath": "471.JPEG",
    "imageData": "",
    "imageHeight": 480,
    "imageWidth": 640
}