{
    "version": "5.0.2",
    "flags": {},
    "shapes": [
        {
            "label": "Back_ID_Card",
            "line_color": null,
            "fill_color": null,
            "points": [
                [
                    36.02564102564102,
                    32.820512820512825
                ],
                [
                    57.051282051282044,
                    11.794871794871796
                ],
                [
                    602.1794871794872,
                    29.23076923076923
                ],
                [
                    624.7435897435897,
                    54.871794871794876
                ],
                [
                    621.1538461538462,
                    457.43589743589746
                ],
                [
                    585,
                    479
                ],
                [
                    28.333333333333343,
                    449.7435897435898
                ],
                [
                    14.487179487179489,
                    425.12820512820514
                ]
            ],
            "shape_type": "polygon",
            "flags": {}
        }
    ],
    "lineColor": [
        0,
        255,
        0,
        128
    ],
    "fillColor": [
        255,
        0,
        0,
        128
    ],
    "imagePath": "475.JPEG",
    "imageData": "",
    "imageHeight": 480,
    "imageWidth": 640
}