{
    "version": "5.0.2",
    "flags": {},
    "shapes": [
        {
            "label": "Back_ID_Card",
            "line_color": null,
            "fill_color": null,
            "points": [
                [
                    78.58974358974359,
                    97.94871794871796
                ],
                [
                    95.51282051282053,
                    81.53846153846155
                ],
                [
                    575.5128205128206,
                    105.64102564102565
                ],
                [
                    594.4871794871794,
                    120.0
                ],
                [
                    623.7179487179487,
                    423.5897435897436
                ],
                [
                    608.8461538461538,
                    443.0769230769231
                ],
                [
                    55.512820512820525,
                    425.64102564102564
                ],
                [
                    42.69230769230769,
                    406.6666666666667
                ]
            ],
            "shape_type": "polygon",
            "flags": {}
        }
    ],
    "lineColor": [
        0,
        255,
        0,
        128
    ],
    "fillColor": [
        255,
        0,
        0,
        128
    ],
    "imagePath": "479.JPEG",
    "imageData": "",
    "imageHeight": 480,
    "imageWidth": 640
}