{
    "version": "5.0.2",
    "flags": {},
    "shapes": [
        {
            "label": "Back_ID_Card",
            "line_color": null,
            "fill_color": null,
            "points": [
                [
                    609.8717948717949,
                    16.923076923076923
                ],
                [
                    633.974358974359,
                    35.38461538461539
                ],
                [
                    620.6410256410256,
                    434.87179487179486
                ],
                [
                    604.2307692307693,
                    450.2564102564103
                ],
                [
                    176.02564102564105,
                    478.974358974359
                ],
                [
                    160.12820512820514,
                    463.0769230769231
                ],
                [
                    140.64102564102564,
                    11.794871794871796
                ],
                [
                    170.8974358974359,
                    0.5128205128205129
                ]
            ],
            "shape_type": "polygon",
            "flags": {}
        }
    ],
    "lineColor": [
        0,
        255,
        0,
        128
    ],
    "fillColor": [
        255,
        0,
        0,
        128
    ],
    "imagePath": "481.JPEG",
    "imageData": "",
    "imageHeight": 480,
    "imageWidth": 640
}