{
    "version": "5.0.2",
    "flags": {},
    "shapes": [
        {
            "label": "Back_ID_Card",
            "line_color": null,
            "fill_color": null,
            "points": [
                [
                    529.3589743589744,
                    8.717948717948719
                ],
                [
                    561.1538461538462,
                    20.512820512820515
                ],
                [
                    599.6153846153846,
                    426.1538461538462
                ],
                [
                    590.8974358974359,
                    446.6666666666667
                ],
                [
                    128.33333333333334,
                    473.33333333333337
                ],
                [
                    108.33333333333334,
                    455.3846153846154
                ],
                [
                    45.769230769230774,
                    43.58974358974359
                ],
                [
                    65.76923076923077,
                    22.564102564102566
                ]
            ],
            "shape_type": "polygon",
            "flags": {}
        }
    ],
    "lineColor": [
        0,
        255,
        0,
        128
    ],
    "fillColor": [
        255,
        0,
        0,
        128
    ],
    "imagePath": "497.JPEG",
    "imageData": "",
    "imageHeight": 480,
    "imageWidth": 640
}