{
    "version": "5.0.2",
    "flags": {},
    "shapes": [
        {
            "label": "Back_ID_Card",
            "line_color": null,
            "fill_color": null,
            "points": [
                [
                    5.769230769230774,
                    36.92307692307693
                ],
                [
                    28.333333333333343,
                    7.6923076923076925
                ],
                [
                    612.948717948718,
                    5.128205128205129
                ],
                [
                    632.4358974358975,
                    34.35897435897436
                ],
                [
                    636.5384615384615,
                    431.28205128205127
                ],
                [
                    621.1538461538462,
                    449.7435897435898
                ],
                [
                    32.948717948717956,
                    466.1538461538462
                ],
                [
                    16.025641025641022,
                    446.6666666666667
                ]
            ],
            "shape_type": "polygon",
            "flags": {}
        }
    ],
    "lineColor": [
        0,
        255,
        0,
        128
    ],
    "fillColor": [
        255,
        0,
        0,
        128
    ],
    "imagePath": "501.JPEG",
    "imageData": "",
    "imageHeight": 480,
    "imageWidth": 640
}