{
    "version": "5.0.2",
    "flags": {},
    "shapes": [
        {
            "label": "Back_ID_Card",
            "line_color": null,
            "fill_color": null,
            "points": [
                [
                    102.69230769230771,
                    206.15384615384616
                ],
                [
                    114.4871794871795,
                    195.8974358974359
                ],
                [
                    542.1794871794872,
                    187.17948717948718
                ],
                [
                    557.0512820512821,
                    197.94871794871796
                ],
                [
                    583.2051282051282,
                    346.1538461538462
                ],
                [
                    570.8974358974359,
                    359.4871794871795
                ],
                [
                    86.7948717948718,
                    358.974358974359
                ],
                [
                    73.97435897435898,
                    344.61538461538464
                ]
            ],
            "shape_type": "polygon",
            "flags": {}
        }
    ],
    "lineColor": [
        0,
        255,
        0,
        128
    ],
    "fillColor": [
        255,
        0,
        0,
        128
    ],
    "imagePath": "504.jpeg",
    "imageData": "",
    "imageHeight": 480,
    "imageWidth": 640
}