{
    "version": "5.0.2",
    "flags": {},
    "shapes": [
        {
            "label": "Back_ID_Card",
            "line_color": null,
            "fill_color": null,
            "points": [
                [
                    521.6666666666666,
                    80.51282051282051
                ],
                [
                    541.1538461538462,
                    92.82051282051282
                ],
                [
                    539.6153846153846,
                    332.8205128205128
                ],
                [
                    522.1794871794872,
                    347.6923076923077
                ],
                [
                    50.89743589743591,
                    350.2564102564103
                ],
                [
                    38.07692307692308,
                    335.8974358974359
                ],
                [
                    25.256410256410263,
                    89.74358974358975
                ],
                [
                    40.64102564102565,
                    74.87179487179488
                ]
            ],
            "shape_type": "polygon",
            "flags": {}
        }
    ],
    "lineColor": [
        0,
        255,
        0,
        128
    ],
    "fillColor": [
        255,
        0,
        0,
        128
    ],
    "imagePath": "505.jpeg",
    "imageData": "",
    "imageHeight": 480,
    "imageWidth": 640
}