{
    "version": "5.0.2",
    "flags": {},
    "shapes": [
        {
            "label": "Back_ID_Card",
            "line_color": null,
            "fill_color": null,
            "points": [
                [
                    519.1025641025641,
                    80.0
                ],
                [
                    541.1538461538462,
                    93.33333333333333
                ],
                [
                    537.5641025641025,
                    334.87179487179486
                ],
                [
                    524.2307692307693,
                    347.6923076923077
                ],
                [
                    48.84615384615384,
                    349.7435897435897
                ],
                [
                    37.05128205128206,
                    337.43589743589746
                ],
                [
                    26.794871794871796,
                    90.76923076923077
                ],
                [
                    40.128205128205124,
                    76.41025641025641
                ]
            ],
            "shape_type": "polygon",
            "flags": {}
        }
    ],
    "lineColor": [
        0,
        255,
        0,
        128
    ],
    "fillColor": [
        255,
        0,
        0,
        128
    ],
    "imagePath": "506.jpeg",
    "imageData": "",
    "imageHeight": 480,
    "imageWidth": 640
}