{
    "version": "5.0.2",
    "flags": {},
    "shapes": [
        {
            "label": "Back_ID_Card",
            "line_color": null,
            "fill_color": null,
            "points": [
                [
                    6.794871794871796,
                    27.692307692307693
                ],
                [
                    29.871794871794876,
                    7.6923076923076925
                ],
                [
                    597.5641025641025,
                    6.666666666666667
                ],
                [
                    621.1538461538462,
                    23.58974358974359
                ],
                [
                    635.5128205128206,
                    441.53846153846155
                ],
                [
                    619.6153846153846,
                    460.0
                ],
                [
                    9.871794871794876,
                    459.4871794871795
                ],
                [
                    0,
                    427
                ]
            ],
            "shape_type": "polygon",
            "flags": {}
        }
    ],
    "lineColor": [
        0,
        255,
        0,
        128
    ],
    "fillColor": [
        255,
        0,
        0,
        128
    ],
    "imagePath": "520.JPEG",
    "imageData": "",
    "imageHeight": 480,
    "imageWidth": 640
}