{
    "version": "5.0.2",
    "flags": {},
    "shapes": [
        {
            "label": "Back_ID_Card",
            "line_color": null,
            "fill_color": null,
            "points": [
                [
                    17.56410256410257,
                    25.128205128205128
                ],
                [
                    38.58974358974359,
                    2.0512820512820515
                ],
                [
                    604.7435897435897,
                    5.641025641025641
                ],
                [
                    626.2820512820513,
                    26.153846153846153
                ],
                [
                    638.5897435897436,
                    462.05128205128204
                ],
                [
                    623.7179487179487,
                    477.43589743589746
                ],
                [
                    18.07692307692308,
                    476.9230769230769
                ],
                [
                    0,
                    449
                ]
            ],
            "shape_type": "polygon",
            "flags": {}
        }
    ],
    "lineColor": [
        0,
        255,
        0,
        128
    ],
    "fillColor": [
        255,
        0,
        0,
        128
    ],
    "imagePath": "521.JPEG",
    "imageData": "",
    "imageHeight": 480,
    "imageWidth": 640
}