{
    "version": "5.0.2",
    "flags": {},
    "shapes": [
        {
            "label": "Back_ID_Card",
            "line_color": null,
            "fill_color": null,
            "points": [
                [
                    515.0,
                    67.17948717948718
                ],
                [
                    530.3846153846154,
                    76.41025641025641
                ],
                [
                    515.5128205128206,
                    354.87179487179486
                ],
                [
                    505.76923076923083,
                    365.64102564102564
                ],
                [
                    71.92307692307693,
                    370.7692307692308
                ],
                [
                    60.12820512820514,
                    355.8974358974359
                ],
                [
                    59.102564102564116,
                    66.66666666666667
                ],
                [
                    76.02564102564102,
                    55.8974358974359
                ]
            ],
            "shape_type": "polygon",
            "flags": {}
        }
    ],
    "lineColor": [
        0,
        255,
        0,
        128
    ],
    "fillColor": [
        255,
        0,
        0,
        128
    ],
    "imagePath": "522.jpeg",
    "imageData": "",
    "imageHeight": 480,
    "imageWidth": 640
}