{
    "version": "5.0.2",
    "flags": {},
    "shapes": [
        {
            "label": "Back_ID_Card",
            "line_color": null,
            "fill_color": null,
            "points": [
                [
                    96.02564102564102,
                    77.43589743589743
                ],
                [
                    115.51282051282053,
                    55.38461538461539
                ],
                [
                    606.2820512820513,
                    56.92307692307693
                ],
                [
                    619.1025641025641,
                    76.92307692307692
                ],
                [
                    590.8974358974359,
                    386.1538461538462
                ],
                [
                    572.948717948718,
                    400.0
                ],
                [
                    135.0,
                    399.4871794871795
                ],
                [
                    120.12820512820514,
                    381.02564102564105
                ]
            ],
            "shape_type": "polygon",
            "flags": {}
        }
    ],
    "lineColor": [
        0,
        255,
        0,
        128
    ],
    "fillColor": [
        255,
        0,
        0,
        128
    ],
    "imagePath": "526.JPEG",
    "imageData": "",
    "imageHeight": 480,
    "imageWidth": 640
}