{
    "version": "5.0.2",
    "flags": {},
    "shapes": [
        {
            "label": "Back_ID_Card",
            "line_color": null,
            "fill_color": null,
            "points": [
                [
                    16.025641025641022,
                    34.35897435897436
                ],
                [
                    36.02564102564102,
                    7.6923076923076925
                ],
                [
                    613.974358974359,
                    16.410256410256412
                ],
                [
                    635.0,
                    43.58974358974359
                ],
                [
                    633.4615384615385,
                    456.9230769230769
                ],
                [
                    600,
                    479
                ],
                [
                    33.46153846153847,
                    474.87179487179486
                ],
                [
                    4.743589743589752,
                    442.05128205128204
                ]
            ],
            "shape_type": "polygon",
            "flags": {}
        }
    ],
    "lineColor": [
        0,
        255,
        0,
        128
    ],
    "fillColor": [
        255,
        0,
        0,
        128
    ],
    "imagePath": "534.JPEG",
    "imageData": "",
    "imageHeight": 480,
    "imageWidth": 640
}