{
    "version": "5.0.2",
    "flags": {},
    "shapes": [
        {
            "label": "Back_ID_Card",
            "line_color": null,
            "fill_color": null,
            "points": [
                [
                    25.256410256410263,
                    41.53846153846154
                ],
                [
                    43.71794871794873,
                    17.94871794871795
                ],
                [
                    601.6666666666666,
                    31.28205128205128
                ],
                [
                    618.5897435897436,
                    56.92307692307693
                ],
                [
                    612.948717948718,
                    438.46153846153845
                ],
                [
                    591.9230769230769,
                    458.974358974359
                ],
                [
                    28.846153846153854,
                    437.43589743589746
                ],
                [
                    15.0,
                    415.3846153846154
                ]
            ],
            "shape_type": "polygon",
            "flags": {}
        }
    ],
    "lineColor": [
        0,
        255,
        0,
        128
    ],
    "fillColor": [
        255,
        0,
        0,
        128
    ],
    "imagePath": "541.JPEG",
    "imageData": "",
    "imageHeight": 480,
    "imageWidth": 640
}