{
    "version": "5.0.2",
    "flags": {},
    "shapes": [
        {
            "label": "Back_ID_Card",
            "line_color": null,
            "fill_color": null,
            "points": [
                [
                    62.69230769230771,
                    154.87179487179486
                ],
                [
                    83.71794871794873,
                    134.87179487179486
                ],
                [
                    587.8205128205128,
                    132.82051282051282
                ],
                [
                    606.2820512820513,
                    148.71794871794873
                ],
                [
                    607.3076923076924,
                    412.3076923076923
                ],
                [
                    582.6923076923077,
                    426.6666666666667
                ],
                [
                    78.0769230769231,
                    427.1794871794872
                ],
                [
                    63.71794871794873,
                    411.28205128205127
                ]
            ],
            "shape_type": "polygon",
            "flags": {}
        }
    ],
    "lineColor": [
        0,
        255,
        0,
        128
    ],
    "fillColor": [
        255,
        0,
        0,
        128
    ],
    "imagePath": "542.JPEG",
    "imageData": "",
    "imageHeight": 480,
    "imageWidth": 640
}