{
    "version": "5.0.2",
    "flags": {},
    "shapes": [
        {
            "label": "Back_ID_Card",
            "line_color": null,
            "fill_color": null,
            "points": [
                [
                    9.871794871794876,
                    88.2051282051282
                ],
                [
                    26.282051282051285,
                    66.15384615384616
                ],
                [
                    570.3846153846154,
                    21.025641025641026
                ],
                [
                    591.4102564102565,
                    36.92307692307693
                ],
                [
                    633.974358974359,
                    417.43589743589746
                ],
                [
                    616.025641025641,
                    441.53846153846155
                ],
                [
                    36.53846153846155,
                    477.94871794871796
                ],
                [
                    19.102564102564102,
                    456.4102564102564
                ]
            ],
            "shape_type": "polygon",
            "flags": {}
        }
    ],
    "lineColor": [
        0,
        255,
        0,
        128
    ],
    "fillColor": [
        255,
        0,
        0,
        128
    ],
    "imagePath": "549.JPEG",
    "imageData": "",
    "imageHeight": 480,
    "imageWidth": 640
}