{
    "version": "5.0.2",
    "flags": {},
    "shapes": [
        {
            "label": "Back_ID_Card",
            "line_color": null,
            "fill_color": null,
            "points": [
                [
                    57.56410256410257,
                    478.974358974359
                ],
                [
                    36.53846153846155,
                    458.46153846153845
                ],
                [
                    21.15384615384616,
                    20.0
                ],
                [
                    41.15384615384616,
                    5.128205128205129
                ],
                [
                    552.948717948718,
                    8.717948717948719
                ],
                [
                    575.0,
                    22.564102564102566
                ],
                [
                    610.8974358974359,
                    431.28205128205127
                ],
                [
                    593.974358974359,
                    451.7948717948718
                ]
            ],
            "shape_type": "polygon",
            "flags": {}
        }
    ],
    "lineColor": [
        0,
        255,
        0,
        128
    ],
    "fillColor": [
        255,
        0,
        0,
        128
    ],
    "imagePath": "555.JPEG",
    "imageData": "",
    "imageHeight": 480,
    "imageWidth": 640
}