{
    "version": "5.0.2",
    "flags": {},
    "shapes": [
        {
            "label": "Back_ID_Card",
            "line_color": null,
            "fill_color": null,
            "points": [
                [
                    516.025641025641,
                    32.30769230769231
                ],
                [
                    539.1025641025641,
                    50.769230769230774
                ],
                [
                    536.5384615384615,
                    428.20512820512823
                ],
                [
                    516.025641025641,
                    444.61538461538464
                ],
                [
                    77.05128205128204,
                    446.6666666666667
                ],
                [
                    61.66666666666666,
                    429.7435897435898
                ],
                [
                    46.2820512820513,
                    42.56410256410256
                ],
                [
                    64.74358974358975,
                    27.17948717948718
                ]
            ],
            "shape_type": "polygon",
            "flags": {}
        }
    ],
    "lineColor": [
        0,
        255,
        0,
        128
    ],
    "fillColor": [
        255,
        0,
        0,
        128
    ],
    "imagePath": "562.JPEG",
    "imageData": "",
    "imageHeight": 480,
    "imageWidth": 640
}