{
    "version": "5.0.2",
    "flags": {},
    "shapes": [
        {
            "label": "Back_ID_Card",
            "line_color": null,
            "fill_color": null,
            "points": [
                [
                    33.46153846153847,
                    43.07692307692308
                ],
                [
                    51.41025641025641,
                    15.897435897435898
                ],
                [
                    575.5128205128206,
                    7.6923076923076925
                ],
                [
                    603.2051282051282,
                    34.35897435897436
                ],
                [
                    623.7179487179487,
                    449.7435897435898
                ],
                [
                    608.3333333333334,
                    468.20512820512823
                ],
                [
                    23.717948717948715,
                    465.64102564102564
                ],
                [
                    12.948717948717956,
                    439.4871794871795
                ]
            ],
            "shape_type": "polygon",
            "flags": {}
        }
    ],
    "lineColor": [
        0,
        255,
        0,
        128
    ],
    "fillColor": [
        255,
        0,
        0,
        128
    ],
    "imagePath": "573.JPEG",
    "imageData": "",
    "imageHeight": 480,
    "imageWidth": 640
}