{
    "version": "5.0.2",
    "flags": {},
    "shapes": [
        {
            "label": "Back_ID_Card",
            "line_color": null,
            "fill_color": null,
            "points": [
                [
                    10.384615384615387,
                    37.94871794871795
                ],
                [
                    30.384615384615387,
                    13.333333333333334
                ],
                [
                    601.1538461538462,
                    12.307692307692308
                ],
                [
                    624.2307692307693,
                    31.794871794871796
                ],
                [
                    622.6923076923077,
                    447.1794871794872
                ],
                [
                    608.3333333333334,
                    464.1025641025641
                ],
                [
                    25.256410256410263,
                    463.0769230769231
                ],
                [
                    11.92307692307692,
                    441.02564102564105
                ]
            ],
            "shape_type": "polygon",
            "flags": {}
        }
    ],
    "lineColor": [
        0,
        255,
        0,
        128
    ],
    "fillColor": [
        255,
        0,
        0,
        128
    ],
    "imagePath": "579.JPEG",
    "imageData": "",
    "imageHeight": 480,
    "imageWidth": 640
}