{
    "version": "5.0.2",
    "flags": {},
    "shapes": [
        {
            "label": "Back_ID_Card",
            "line_color": null,
            "fill_color": null,
            "points": [
                [
                    592.948717948718,
                    14.35897435897436
                ],
                [
                    620.6410256410256,
                    31.794871794871796
                ],
                [
                    631.4102564102565,
                    454.87179487179486
                ],
                [
                    613.974358974359,
                    469.7435897435898
                ],
                [
                    41.66666666666667,
                    477.43589743589746
                ],
                [
                    29.358974358974365,
                    462.5641025641026
                ],
                [
                    20.128205128205124,
                    14.871794871794872
                ],
                [
                    39.61538461538461,
                    1.0256410256410258
                ]
            ],
            "shape_type": "polygon",
            "flags": {}
        }
    ],
    "lineColor": [
        0,
        255,
        0,
        128
    ],
    "fillColor": [
        255,
        0,
        0,
        128
    ],
    "imagePath": "580.JPEG",
    "imageData": "",
    "imageHeight": 480,
    "imageWidth": 640
}