{
    "version": "5.0.2",
    "flags": {},
    "shapes": [
        {
            "label": "Back_ID_Card",
            "line_color": null,
            "fill_color": null,
            "points": [
                [
                    536.5384615384615,
                    5.641025641025641
                ],
                [
                    562.1794871794872,
                    18.461538461538463
                ],
                [
                    565.7692307692308,
                    449.7435897435898
                ],
                [
                    541.6666666666666,
                    474.35897435897436
                ],
                [
                    84.23076923076923,
                    478.46153846153845
                ],
                [
                    62.69230769230771,
                    462.5641025641026
                ],
                [
                    63.205128205128204,
                    14.871794871794872
                ],
                [
                    84.23076923076923,
                    2.5641025641025643
                ]
            ],
            "shape_type": "polygon",
            "flags": {}
        }
    ],
    "lineColor": [
        0,
        255,
        0,
        128
    ],
    "fillColor": [
        255,
        0,
        0,
        128
    ],
    "imagePath": "584.JPEG",
    "imageData": "",
    "imageHeight": 480,
    "imageWidth": 640
}