{
    "version": "5.0.2",
    "flags": {},
    "shapes": [
        {
            "label": "Back_ID_Card",
            "line_color": null,
            "fill_color": null,
            "points": [
                [
                    86.2820512820513,
                    72.82051282051282
                ],
                [
                    103.2051282051282,
                    55.38461538461539
                ],
                [
                    556.025641025641,
                    55.38461538461539
                ],
                [
                    569.8717948717949,
                    70.76923076923077
                ],
                [
                    569.3589743589744,
                    345.12820512820514
                ],
                [
                    554.4871794871794,
                    361.02564102564105
                ],
                [
                    103.2051282051282,
                    361.02564102564105
                ],
                [
                    84.74358974358975,
                    347.6923076923077
                ]
            ],
            "shape_type": "polygon",
            "flags": {}
        }
    ],
    "lineColor": [
        0,
        255,
        0,
        128
    ],
    "fillColor": [
        255,
        0,
        0,
        128
    ],
    "imagePath": "606.JPEG",
    "imageData": "",
    "imageHeight": 480,
    "imageWidth": 640
}