{
    "version": "5.0.2",
    "flags": {},
    "shapes": [
        {
            "label": "Back_ID_Card",
            "line_color": null,
            "fill_color": null,
            "points": [
                [
                    9.358974358974365,
                    39.48717948717949
                ],
                [
                    25.256410256410263,
                    13.846153846153847
                ],
                [
                    617.0512820512821,
                    14.35897435897436
                ],
                [
                    637.5641025641025,
                    36.92307692307693
                ],
                [
                    638.5897435897436,
                    460.0
                ],
                [
                    615.0,
                    475.8974358974359
                ],
                [
                    20.128205128205124,
                    471.7948717948718
                ],
                [
                    5.256410256410263,
                    441.02564102564105
                ]
            ],
            "shape_type": "polygon",
            "flags": {}
        }
    ],
    "lineColor": [
        0,
        255,
        0,
        128
    ],
    "fillColor": [
        255,
        0,
        0,
        128
    ],
    "imagePath": "607.JPEG",
    "imageData": "",
    "imageHeight": 480,
    "imageWidth": 640
}