{
    "version": "5.0.2",
    "flags": {},
    "shapes": [
        {
            "label": "Back_ID_Card",
            "line_color": null,
            "fill_color": null,
            "points": [
                [
                    79.10256410256412,
                    184.10256410256412
                ],
                [
                    88.84615384615384,
                    175.8974358974359
                ],
                [
                    561.1538461538462,
                    172.30769230769232
                ],
                [
                    578.5897435897436,
                    182.05128205128204
                ],
                [
                    589.8717948717949,
                    342.5641025641026
                ],
                [
                    581.6666666666666,
                    353.84615384615387
                ],
                [
                    80.64102564102564,
                    354.87179487179486
                ],
                [
                    68.84615384615384,
                    343.0769230769231
                ]
            ],
            "shape_type": "polygon",
            "flags": {}
        }
    ],
    "lineColor": [
        0,
        255,
        0,
        128
    ],
    "fillColor": [
        255,
        0,
        0,
        128
    ],
    "imagePath": "633.JPEG",
    "imageData": "",
    "imageHeight": 480,
    "imageWidth": 640
}