{
    "version": "5.0.2",
    "flags": {},
    "shapes": [
        {
            "label": "Back_ID_Card",
            "line_color": null,
            "fill_color": null,
            "points": [
                [
                    50.38461538461539,
                    62.56410256410256
                ],
                [
                    69.35897435897436,
                    40.51282051282051
                ],
                [
                    578.0769230769231,
                    30.76923076923077
                ],
                [
                    598.0769230769231,
                    48.71794871794872
                ],
                [
                    618.5897435897436,
                    403.5897435897436
                ],
                [
                    598.5897435897436,
                    425.64102564102564
                ],
                [
                    38.58974358974359,
                    430.7692307692308
                ],
                [
                    23.717948717948715,
                    405.64102564102564
                ]
            ],
            "shape_type": "polygon",
            "flags": {}
        }
    ],
    "lineColor": [
        0,
        255,
        0,
        128
    ],
    "fillColor": [
        255,
        0,
        0,
        128
    ],
    "imagePath": "634.JPEG",
    "imageData": "",
    "imageHeight": 480,
    "imageWidth": 640
}