{
    "version": "5.0.2",
    "flags": {},
    "shapes": [
        {
            "label": "Back_ID_Card",
            "line_color": null,
            "fill_color": null,
            "points": [
                [
                    15.512820512820511,
                    80.51282051282051
                ],
                [
                    34.48717948717949,
                    57.94871794871795
                ],
                [
                    605.2564102564103,
                    56.41025641025641
                ],
                [
                    623.2051282051282,
                    73.33333333333333
                ],
                [
                    615.0,
                    423.5897435897436
                ],
                [
                    599.1025641025641,
                    439.4871794871795
                ],
                [
                    27.820512820512818,
                    430.7692307692308
                ],
                [
                    15.512820512820511,
                    409.7435897435898
                ]
            ],
            "shape_type": "polygon",
            "flags": {}
        }
    ],
    "lineColor": [
        0,
        255,
        0,
        128
    ],
    "fillColor": [
        255,
        0,
        0,
        128
    ],
    "imagePath": "643.JPEG",
    "imageData": "",
    "imageHeight": 480,
    "imageWidth": 640
}