{
    "version": "5.0.2",
    "flags": {},
    "shapes": [
        {
            "label": "Back_ID_Card",
            "line_color": null,
            "fill_color": null,
            "points": [
                [
                    5.256410256410263,
                    45.64102564102564
                ],
                [
                    25.256410256410263,
                    18.461538461538463
                ],
                [
                    599.1025641025641,
                    7.17948717948718
                ],
                [
                    617.0512820512821,
                    20.0
                ],
                [
                    633.974358974359,
                    436.9230769230769
                ],
                [
                    616.025641025641,
                    460.5128205128205
                ],
                [
                    19.615384615384613,
                    471.7948717948718
                ],
                [
                    1.1538461538461604,
                    444.61538461538464
                ]
            ],
            "shape_type": "polygon",
            "flags": {}
        }
    ],
    "lineColor": [
        0,
        255,
        0,
        128
    ],
    "fillColor": [
        255,
        0,
        0,
        128
    ],
    "imagePath": "646.JPEG",
    "imageData": "",
    "imageHeight": 480,
    "imageWidth": 640
}