{
    "version": "5.0.2",
    "flags": {},
    "shapes": [
        {
            "label": "Back_ID_Card",
            "line_color": null,
            "fill_color": null,
            "points": [
                [
                    495.0,
                    32.30769230769231
                ],
                [
                    517.5641025641025,
                    44.1025641025641
                ],
                [
                    524.7435897435897,
                    337.94871794871796
                ],
                [
                    505.76923076923083,
                    358.46153846153845
                ],
                [
                    44.74358974358975,
                    364.1025641025641
                ],
                [
                    23.717948717948715,
                    342.5641025641026
                ],
                [
                    21.66666666666667,
                    46.15384615384615
                ],
                [
                    46.794871794871796,
                    28.71794871794872
                ]
            ],
            "shape_type": "polygon",
            "flags": {}
        }
    ],
    "lineColor": [
        0,
        255,
        0,
        128
    ],
    "fillColor": [
        255,
        0,
        0,
        128
    ],
    "imagePath": "654.JPEG",
    "imageData": "",
    "imageHeight": 480,
    "imageWidth": 640
}