{
    "version": "5.0.2",
    "flags": {},
    "shapes": [
        {
            "label": "Back_ID_Card",
            "line_color": null,
            "fill_color": null,
            "points": [
                [
                    18.07692307692308,
                    26.153846153846153
                ],
                [
                    41.66666666666667,
                    1.5384615384615385
                ],
                [
                    615.5128205128206,
                    20.0
                ],
                [
                    633.974358974359,
                    41.02564102564103
                ],
                [
                    634.4871794871796,
                    458.46153846153845
                ],
                [
                    609.8717948717949,
                    478.974358974359
                ],
                [
                    21.15384615384616,
                    471.28205128205127
                ],
                [
                    5.769230769230774,
                    449.2307692307692
                ]
            ],
            "shape_type": "polygon",
            "flags": {}
        }
    ],
    "lineColor": [
        0,
        255,
        0,
        128
    ],
    "fillColor": [
        255,
        0,
        0,
        128
    ],
    "imagePath": "660.JPEG",
    "imageData": "",
    "imageHeight": 480,
    "imageWidth": 640
}