{
    "version": "5.0.2",
    "flags": {},
    "shapes": [
        {
            "label": "Back_ID_Card",
            "line_color": null,
            "fill_color": null,
            "points": [
                [
                    1.6666666666666714,
                    67.17948717948718
                ],
                [
                    21.15384615384616,
                    38.46153846153846
                ],
                [
                    574.4871794871794,
                    18.974358974358974
                ],
                [
                    594.4871794871794,
                    32.820512820512825
                ],
                [
                    639,
                    396
                ],
                [
                    628.8461538461538,
                    421.53846153846155
                ],
                [
                    43,
                    479
                ],
                [
                    9.871794871794876,
                    463.5897435897436
                ]
            ],
            "shape_type": "polygon",
            "flags": {}
        }
    ],
    "lineColor": [
        0,
        255,
        0,
        128
    ],
    "fillColor": [
        255,
        0,
        0,
        128
    ],
    "imagePath": "674.JPEG",
    "imageData": "",
    "imageHeight": 480,
    "imageWidth": 640
}