{
    "version": "5.0.2",
    "flags": {},
    "shapes": [
        {
            "label": "Back_ID_Card",
            "line_color": null,
            "fill_color": null,
            "points": [
                [
                    526.2820512820513,
                    3.58974358974359
                ],
                [
                    549.8717948717949,
                    20.0
                ],
                [
                    543.7179487179487,
                    466.6666666666667
                ],
                [
                    532,
                    479
                ],
                [
                    48,
                    479
                ],
                [
                    36.53846153846155,
                    465.12820512820514
                ],
                [
                    22.692307692307693,
                    27.692307692307693
                ],
                [
                    47.30769230769232,
                    9.230769230769232
                ]
            ],
            "shape_type": "polygon",
            "flags": {}
        }
    ],
    "lineColor": [
        0,
        255,
        0,
        128
    ],
    "fillColor": [
        255,
        0,
        0,
        128
    ],
    "imagePath": "681.JPEG",
    "imageData": "",
    "imageHeight": 480,
    "imageWidth": 640
}