{
    "version": "5.0.2",
    "flags": {},
    "shapes": [
        {
            "label": "Back_ID_Card",
            "line_color": null,
            "fill_color": null,
            "points": [
                [
                    48.84615384615384,
                    52.820512820512825
                ],
                [
                    64.74358974358975,
                    29.743589743589745
                ],
                [
                    587.3076923076924,
                    25.128205128205128
                ],
                [
                    604.2307692307693,
                    48.71794871794872
                ],
                [
                    619.6153846153846,
                    411.7948717948718
                ],
                [
                    600.6410256410256,
                    431.28205128205127
                ],
                [
                    51.41025641025641,
                    435.8974358974359
                ],
                [
                    36.53846153846155,
                    420.0
                ]
            ],
            "shape_type": "polygon",
            "flags": {}
        }
    ],
    "lineColor": [
        0,
        255,
        0,
        128
    ],
    "fillColor": [
        255,
        0,
        0,
        128
    ],
    "imagePath": "704.JPEG",
    "imageData": "",
    "imageHeight": 480,
    "imageWidth": 640
}