{
    "version": "5.0.2",
    "flags": {},
    "shapes": [
        {
            "label": "Back_ID_Card",
            "line_color": null,
            "fill_color": null,
            "points": [
                [
                    59.102564102564116,
                    233.33333333333334
                ],
                [
                    70.89743589743591,
                    221.02564102564102
                ],
                [
                    542.6923076923077,
                    215.3846153846154
                ],
                [
                    556.5384615384615,
                    223.0769230769231
                ],
                [
                    573.4615384615385,
                    340.5128205128205
                ],
                [
                    560.6410256410256,
                    350.7692307692308
                ],
                [
                    73.46153846153845,
                    357.94871794871796
                ],
                [
                    59.61538461538461,
                    345.12820512820514
                ]
            ],
            "shape_type": "polygon",
            "flags": {}
        }
    ],
    "lineColor": [
        0,
        255,
        0,
        128
    ],
    "fillColor": [
        255,
        0,
        0,
        128
    ],
    "imagePath": "705.jpeg",
    "imageData": "",
    "imageHeight": 480,
    "imageWidth": 640
}