{
    "version": "5.0.2",
    "flags": {},
    "shapes": [
        {
            "label": "Back_ID_Card",
            "line_color": null,
            "fill_color": null,
            "points": [
                [
                    21.15384615384616,
                    58.97435897435898
                ],
                [
                    42.69230769230769,
                    33.84615384615385
                ],
                [
                    575.0,
                    28.71794871794872
                ],
                [
                    593.4615384615385,
                    44.1025641025641
                ],
                [
                    599.1025641025641,
                    430.2564102564103
                ],
                [
                    584.7435897435897,
                    448.71794871794873
                ],
                [
                    35.0,
                    451.7948717948718
                ],
                [
                    18.58974358974359,
                    426.6666666666667
                ]
            ],
            "shape_type": "polygon",
            "flags": {}
        }
    ],
    "lineColor": [
        0,
        255,
        0,
        128
    ],
    "fillColor": [
        255,
        0,
        0,
        128
    ],
    "imagePath": "714.JPEG",
    "imageData": "",
    "imageHeight": 480,
    "imageWidth": 640
}