{
    "version": "5.0.2",
    "flags": {},
    "shapes": [
        {
            "label": "Back_ID_Card",
            "line_color": null,
            "fill_color": null,
            "points": [
                [
                    468.33333333333337,
                    22.564102564102566
                ],
                [
                    486.7948717948718,
                    34.871794871794876
                ],
                [
                    476.53846153846155,
                    422.05128205128204
                ],
                [
                    463.71794871794873,
                    436.4102564102564
                ],
                [
                    100.64102564102564,
                    438.46153846153845
                ],
                [
                    85.25641025641025,
                    423.5897435897436
                ],
                [
                    75.51282051282053,
                    30.256410256410255
                ],
                [
                    91.92307692307693,
                    16.410256410256412
                ]
            ],
            "shape_type": "polygon",
            "flags": {}
        }
    ],
    "lineColor": [
        0,
        255,
        0,
        128
    ],
    "fillColor": [
        255,
        0,
        0,
        128
    ],
    "imagePath": "718.JPEG",
    "imageData": "",
    "imageHeight": 480,
    "imageWidth": 640
}