{
    "version": "5.0.2",
    "flags": {},
    "shapes": [
        {
            "label": "Back_ID_Card",
            "line_color": null,
            "fill_color": null,
            "points": [
                [
                    26.282051282051285,
                    37.94871794871795
                ],
                [
                    52.948717948717956,
                    12.307692307692308
                ],
                [
                    601.1538461538462,
                    20.0
                ],
                [
                    620.1282051282052,
                    35.8974358974359
                ],
                [
                    629.3589743589744,
                    448.71794871794873
                ],
                [
                    608.8461538461538,
                    468.20512820512823
                ],
                [
                    30.897435897435898,
                    467.1794871794872
                ],
                [
                    16.025641025641022,
                    437.43589743589746
                ]
            ],
            "shape_type": "polygon",
            "flags": {}
        }
    ],
    "lineColor": [
        0,
        255,
        0,
        128
    ],
    "fillColor": [
        255,
        0,
        0,
        128
    ],
    "imagePath": "720.JPEG",
    "imageData": "",
    "imageHeight": 480,
    "imageWidth": 640
}