{
    "version": "5.0.2",
    "flags": {},
    "shapes": [
        {
            "label": "Back_ID_Card",
            "line_color": null,
            "fill_color": null,
            "points": [
                [
                    63.71794871794873,
                    102.05128205128206
                ],
                [
                    81.15384615384616,
                    84.61538461538461
                ],
                [
                    568.3333333333334,
                    91.7948717948718
                ],
                [
                    584.7435897435897,
                    105.64102564102565
                ],
                [
                    585.2564102564103,
                    388.71794871794873
                ],
                [
                    572.948717948718,
                    403.5897435897436
                ],
                [
                    55.0,
                    386.6666666666667
                ],
                [
                    44.74358974358975,
                    369.2307692307692
                ]
            ],
            "shape_type": "polygon",
            "flags": {}
        }
    ],
    "lineColor": [
        0,
        255,
        0,
        128
    ],
    "fillColor": [
        255,
        0,
        0,
        128
    ],
    "imagePath": "728.JPEG",
    "imageData": "",
    "imageHeight": 480,
    "imageWidth": 640
}