{
    "version": "5.0.2",
    "flags": {},
    "shapes": [
        {
            "label": "Back_ID_Card",
            "line_color": null,
            "fill_color": null,
            "points": [
                [
                    114.4871794871795,
                    64.61538461538461
                ],
                [
                    132.43589743589743,
                    46.666666666666664
                ],
                [
                    548.3333333333334,
                    82.05128205128206
                ],
                [
                    561.1538461538462,
                    107.17948717948718
                ],
                [
                    559.1025641025641,
                    441.02564102564105
                ],
                [
                    544.2307692307693,
                    458.46153846153845
                ],
                [
                    105.25641025641025,
                    435.8974358974359
                ],
                [
                    92.94871794871796,
                    414.35897435897436
                ]
            ],
            "shape_type": "polygon",
            "flags": {}
        }
    ],
    "lineColor": [
        0,
        255,
        0,
        128
    ],
    "fillColor": [
        255,
        0,
        0,
        128
    ],
    "imagePath": "729.jpeg",
    "imageData": "",
    "imageHeight": 480,
    "imageWidth": 640
}