{
    "version": "5.0.2",
    "flags": {},
    "shapes": [
        {
            "label": "Back_ID_Card",
            "line_color": null,
            "fill_color": null,
            "points": [
                [
                    92.94871794871796,
                    223.0769230769231
                ],
                [
                    105.76923076923077,
                    210.25641025641025
                ],
                [
                    589.3589743589744,
                    210.25641025641025
                ],
                [
                    602.6923076923077,
                    219.4871794871795
                ],
                [
                    604.7435897435897,
                    320.5128205128205
                ],
                [
                    596.025641025641,
                    329.2307692307692
                ],
                [
                    103.2051282051282,
                    327.6923076923077
                ],
                [
                    92.43589743589743,
                    317.43589743589746
                ]
            ],
            "shape_type": "polygon",
            "flags": {}
        }
    ],
    "lineColor": [
        0,
        255,
        0,
        128
    ],
    "fillColor": [
        255,
        0,
        0,
        128
    ],
    "imagePath": "732.jpeg",
    "imageData": "",
    "imageHeight": 480,
    "imageWidth": 640
}