{
    "version": "5.0.2",
    "flags": {},
    "shapes": [
        {
            "label": "Back_ID_Card",
            "line_color": null,
            "fill_color": null,
            "points": [
                [
                    568.8461538461538,
                    14.871794871794872
                ],
                [
                    597.0512820512821,
                    30.76923076923077
                ],
                [
                    593.974358974359,
                    440.0
                ],
                [
                    572.4358974358975,
                    459.4871794871795
                ],
                [
                    54.4871794871795,
                    467.1794871794872
                ],
                [
                    37.05128205128206,
                    445.64102564102564
                ],
                [
                    41.15384615384616,
                    19.48717948717949
                ],
                [
                    70.89743589743591,
                    3.58974358974359
                ]
            ],
            "shape_type": "polygon",
            "flags": {}
        }
    ],
    "lineColor": [
        0,
        255,
        0,
        128
    ],
    "fillColor": [
        255,
        0,
        0,
        128
    ],
    "imagePath": "733.jpeg",
    "imageData": "",
    "imageHeight": 480,
    "imageWidth": 640
}