{
    "version": "5.0.2",
    "flags": {},
    "shapes": [
        {
            "label": "Back_ID_Card",
            "line_color": null,
            "fill_color": null,
            "points": [
                [
                    75.51282051282053,
                    180.0
                ],
                [
                    82.17948717948718,
                    173.84615384615384
                ],
                [
                    551.9230769230769,
                    183.5897435897436
                ],
                [
                    558.0769230769231,
                    192.30769230769232
                ],
                [
                    543.2051282051282,
                    288.20512820512823
                ],
                [
                    537.0512820512821,
                    295.3846153846154
                ],
                [
                    63.71794871794873,
                    284.1025641025641
                ],
                [
                    57.56410256410257,
                    276.4102564102564
                ]
            ],
            "shape_type": "polygon",
            "flags": {}
        }
    ],
    "lineColor": [
        0,
        255,
        0,
        128
    ],
    "fillColor": [
        255,
        0,
        0,
        128
    ],
    "imagePath": "735.jpeg",
    "imageData": "",
    "imageHeight": 480,
    "imageWidth": 640
}