{
    "version": "5.0.2",
    "flags": {},
    "shapes": [
        {
            "label": "Back_ID_Card",
            "line_color": null,
            "fill_color": null,
            "points": [
                [
                    10.384615384615387,
                    185.12820512820514
                ],
                [
                    19.615384615384613,
                    171.2820512820513
                ],
                [
                    566.7948717948718,
                    164.10256410256412
                ],
                [
                    583.2051282051282,
                    176.4102564102564
                ],
                [
                    592.948717948718,
                    285.12820512820514
                ],
                [
                    584.2307692307693,
                    295.8974358974359
                ],
                [
                    34.48717948717949,
                    306.6666666666667
                ],
                [
                    16.538461538461547,
                    295.3846153846154
                ]
            ],
            "shape_type": "polygon",
            "flags": {}
        }
    ],
    "lineColor": [
        0,
        255,
        0,
        128
    ],
    "fillColor": [
        255,
        0,
        0,
        128
    ],
    "imagePath": "736.jpeg",
    "imageData": "",
    "imageHeight": 480,
    "imageWidth": 640
}