{
    "version": "5.0.2",
    "flags": {},
    "shapes": [
        {
            "label": "Back_ID_Card",
            "line_color": null,
            "fill_color": null,
            "points": [
                [
                    452.43589743589746,
                    117.43589743589745
                ],
                [
                    468.8461538461538,
                    126.66666666666667
                ],
                [
                    479.61538461538464,
                    331.7948717948718
                ],
                [
                    470.38461538461536,
                    341.53846153846155
                ],
                [
                    157.56410256410257,
                    349.7435897435897
                ],
                [
                    143.71794871794873,
                    336.9230769230769
                ],
                [
                    128.33333333333334,
                    128.2051282051282
                ],
                [
                    144.23076923076923,
                    117.94871794871796
                ]
            ],
            "shape_type": "polygon",
            "flags": {}
        }
    ],
    "lineColor": [
        0,
        255,
        0,
        128
    ],
    "fillColor": [
        255,
        0,
        0,
        128
    ],
    "imagePath": "738.jpeg",
    "imageData": "",
    "imageHeight": 480,
    "imageWidth": 640
}