{
    "version": "5.0.2",
    "flags": {},
    "shapes": [
        {
            "label": "Back_ID_Card",
            "line_color": null,
            "fill_color": null,
            "points": [
                [
                    73.97435897435898,
                    146.15384615384616
                ],
                [
                    82.69230769230771,
                    132.82051282051282
                ],
                [
                    430.38461538461536,
                    106.15384615384616
                ],
                [
                    444.2307692307693,
                    123.58974358974359
                ],
                [
                    453.46153846153845,
                    406.1538461538462
                ],
                [
                    442.69230769230774,
                    420.0
                ],
                [
                    94.4871794871795,
                    439.4871794871795
                ],
                [
                    82.17948717948718,
                    421.53846153846155
                ]
            ],
            "shape_type": "polygon",
            "flags": {}
        }
    ],
    "lineColor": [
        0,
        255,
        0,
        128
    ],
    "fillColor": [
        255,
        0,
        0,
        128
    ],
    "imagePath": "739.jpeg",
    "imageData": "",
    "imageHeight": 480,
    "imageWidth": 640
}