{
    "version": "5.0.2",
    "flags": {},
    "shapes": [
        {
            "label": "Back_ID_Card",
            "line_color": null,
            "fill_color": null,
            "points": [
                [
                    81.66666666666666,
                    227.6923076923077
                ],
                [
                    92.94871794871796,
                    214.8717948717949
                ],
                [
                    567.3076923076924,
                    210.76923076923077
                ],
                [
                    579.6153846153846,
                    219.4871794871795
                ],
                [
                    584.2307692307693,
                    334.87179487179486
                ],
                [
                    573.974358974359,
                    342.05128205128204
                ],
                [
                    96.53846153846155,
                    345.64102564102564
                ],
                [
                    86.7948717948718,
                    335.3846153846154
                ]
            ],
            "shape_type": "polygon",
            "flags": {}
        }
    ],
    "lineColor": [
        0,
        255,
        0,
        128
    ],
    "fillColor": [
        255,
        0,
        0,
        128
    ],
    "imagePath": "741.jpeg",
    "imageData": "",
    "imageHeight": 480,
    "imageWidth": 640
}