{
    "version": "5.0.2",
    "flags": {},
    "shapes": [
        {
            "label": "Back_ID_Card",
            "line_color": null,
            "fill_color": null,
            "points": [
                [
                    77.05128205128204,
                    113.33333333333334
                ],
                [
                    87.82051282051282,
                    94.35897435897436
                ],
                [
                    392.94871794871796,
                    72.82051282051282
                ],
                [
                    404.7435897435898,
                    84.1025641025641
                ],
                [
                    413.974358974359,
                    323.0769230769231
                ],
                [
                    403.71794871794873,
                    336.4102564102564
                ],
                [
                    107.82051282051282,
                    373.84615384615387
                ],
                [
                    96.02564102564102,
                    361.53846153846155
                ]
            ],
            "shape_type": "polygon",
            "flags": {}
        }
    ],
    "lineColor": [
        0,
        255,
        0,
        128
    ],
    "fillColor": [
        255,
        0,
        0,
        128
    ],
    "imagePath": "746.jpeg",
    "imageData": "",
    "imageHeight": 480,
    "imageWidth": 640
}