{
    "version": "5.0.2",
    "flags": {},
    "shapes": [
        {
            "label": "Back_ID_Card",
            "line_color": null,
            "fill_color": null,
            "points": [
                [
                    93.97435897435898,
                    189.23076923076923
                ],
                [
                    102.69230769230771,
                    177.43589743589743
                ],
                [
                    560.1282051282052,
                    176.92307692307693
                ],
                [
                    571.9230769230769,
                    186.66666666666666
                ],
                [
                    573.4615384615385,
                    296.4102564102564
                ],
                [
                    561.1538461538462,
                    304.61538461538464
                ],
                [
                    111.92307692307693,
                    302.05128205128204
                ],
                [
                    101.15384615384616,
                    293.3333333333333
                ]
            ],
            "shape_type": "polygon",
            "flags": {}
        }
    ],
    "lineColor": [
        0,
        255,
        0,
        128
    ],
    "fillColor": [
        255,
        0,
        0,
        128
    ],
    "imagePath": "752.jpeg",
    "imageData": "",
    "imageHeight": 480,
    "imageWidth": 640
}