{
    "version": "5.0.2",
    "flags": {},
    "shapes": [
        {
            "label": "Back_ID_Card",
            "line_color": null,
            "fill_color": null,
            "points": [
                [
                    497.0512820512821,
                    57.43589743589744
                ],
                [
                    515.0,
                    70.76923076923077
                ],
                [
                    508.33333333333337,
                    340.0
                ],
                [
                    490.8974358974359,
                    351.7948717948718
                ],
                [
                    86.7948717948718,
                    352.3076923076923
                ],
                [
                    76.02564102564102,
                    340.0
                ],
                [
                    64.23076923076923,
                    68.71794871794872
                ],
                [
                    80.64102564102564,
                    55.8974358974359
                ]
            ],
            "shape_type": "polygon",
            "flags": {}
        }
    ],
    "lineColor": [
        0,
        255,
        0,
        128
    ],
    "fillColor": [
        255,
        0,
        0,
        128
    ],
    "imagePath": "753.jpeg",
    "imageData": "",
    "imageHeight": 480,
    "imageWidth": 640
}