{
    "version": "5.0.2",
    "flags": {},
    "shapes": [
        {
            "label": "Back_ID_Card",
            "line_color": null,
            "fill_color": null,
            "points": [
                [
                    95.0,
                    123.07692307692308
                ],
                [
                    106.7948717948718,
                    103.58974358974359
                ],
                [
                    432.43589743589746,
                    96.92307692307692
                ],
                [
                    446.7948717948718,
                    111.7948717948718
                ],
                [
                    452.43589743589746,
                    372.3076923076923
                ],
                [
                    436.025641025641,
                    383.5897435897436
                ],
                [
                    108.84615384615384,
                    403.0769230769231
                ],
                [
                    100.12820512820514,
                    391.28205128205127
                ]
            ],
            "shape_type": "polygon",
            "flags": {}
        }
    ],
    "lineColor": [
        0,
        255,
        0,
        128
    ],
    "fillColor": [
        255,
        0,
        0,
        128
    ],
    "imagePath": "755.jpeg",
    "imageData": "",
    "imageHeight": 480,
    "imageWidth": 640
}