{
    "version": "5.0.2",
    "flags": {},
    "shapes": [
        {
            "label": "Back_ID_Card",
            "line_color": null,
            "fill_color": null,
            "points": [
                [
                    43.205128205128204,
                    16.410256410256412
                ],
                [
                    67.82051282051282,
                    1.5384615384615385
                ],
                [
                    558.0769230769231,
                    18.974358974358974
                ],
                [
                    571.9230769230769,
                    31.28205128205128
                ],
                [
                    638.0769230769231,
                    425.12820512820514
                ],
                [
                    623.2051282051282,
                    447.6923076923077
                ],
                [
                    5.769230769230774,
                    420.0
                ],
                [
                    0,
                    400
                ]
            ],
            "shape_type": "polygon",
            "flags": {}
        }
    ],
    "lineColor": [
        0,
        255,
        0,
        128
    ],
    "fillColor": [
        255,
        0,
        0,
        128
    ],
    "imagePath": "774.JPEG",
    "imageData": "",
    "imageHeight": 480,
    "imageWidth": 640
}