{
    "version": "5.0.2",
    "flags": {},
    "shapes": [
        {
            "label": "Back_ID_Card",
            "line_color": null,
            "fill_color": null,
            "points": [
                [
                    32.435897435897445,
                    310.2564102564103
                ],
                [
                    40.128205128205124,
                    297.43589743589746
                ],
                [
                    345.2564102564103,
                    293.3333333333333
                ],
                [
                    355.5128205128205,
                    302.05128205128204
                ],
                [
                    359.61538461538464,
                    398.974358974359
                ],
                [
                    350.3846153846154,
                    409.7435897435898
                ],
                [
                    44.230769230769226,
                    412.3076923076923
                ],
                [
                    36.53846153846155,
                    403.0769230769231
                ]
            ],
            "shape_type": "polygon",
            "flags": {}
        }
    ],
    "lineColor": [
        0,
        255,
        0,
        128
    ],
    "fillColor": [
        255,
        0,
        0,
        128
    ],
    "imagePath": "781.jpeg",
    "imageData": "",
    "imageHeight": 480,
    "imageWidth": 640
}