{
    "version": "5.0.2",
    "flags": {},
    "shapes": [
        {
            "label": "Back_ID_Card",
            "line_color": null,
            "fill_color": null,
            "points": [
                [
                    126.2820512820513,
                    229.23076923076923
                ],
                [
                    137.05128205128204,
                    216.92307692307693
                ],
                [
                    490.38461538461536,
                    221.53846153846155
                ],
                [
                    499.1025641025641,
                    229.74358974358975
                ],
                [
                    492.43589743589746,
                    349.7435897435897
                ],
                [
                    481.1538461538462,
                    358.974358974359
                ],
                [
                    123.2051282051282,
                    344.61538461538464
                ],
                [
                    118.0769230769231,
                    333.84615384615387
                ]
            ],
            "shape_type": "polygon",
            "flags": {}
        }
    ],
    "lineColor": [
        0,
        255,
        0,
        128
    ],
    "fillColor": [
        255,
        0,
        0,
        128
    ],
    "imagePath": "782.jpeg",
    "imageData": "",
    "imageHeight": 480,
    "imageWidth": 640
}