{
    "version": "5.0.2",
    "flags": {},
    "shapes": [
        {
            "label": "Back_ID_Card",
            "line_color": null,
            "fill_color": null,
            "points": [
                [
                    83.2051282051282,
                    260.0
                ],
                [
                    92.43589743589743,
                    247.17948717948718
                ],
                [
                    480.64102564102564,
                    245.12820512820514
                ],
                [
                    490.8974358974359,
                    254.8717948717949
                ],
                [
                    499.61538461538464,
                    380.0
                ],
                [
                    489.8717948717949,
                    391.7948717948718
                ],
                [
                    87.82051282051282,
                    396.9230769230769
                ],
                [
                    83.2051282051282,
                    388.71794871794873
                ]
            ],
            "shape_type": "polygon",
            "flags": {}
        }
    ],
    "lineColor": [
        0,
        255,
        0,
        128
    ],
    "fillColor": [
        255,
        0,
        0,
        128
    ],
    "imagePath": "783.jpeg",
    "imageData": "",
    "imageHeight": 480,
    "imageWidth": 640
}