{
    "version": "5.0.2",
    "flags": {},
    "shapes": [
        {
            "label": "Back_ID_Card",
            "line_color": null,
            "fill_color": null,
            "points": [
                [
                    83.71794871794873,
                    230.76923076923077
                ],
                [
                    91.92307692307693,
                    220.0
                ],
                [
                    431.9230769230769,
                    217.43589743589743
                ],
                [
                    439.1025641025641,
                    226.66666666666669
                ],
                [
                    441.66666666666663,
                    339.4871794871795
                ],
                [
                    435.51282051282055,
                    346.6666666666667
                ],
                [
                    89.35897435897436,
                    346.1538461538462
                ],
                [
                    81.15384615384616,
                    340.5128205128205
                ]
            ],
            "shape_type": "polygon",
            "flags": {}
        }
    ],
    "lineColor": [
        0,
        255,
        0,
        128
    ],
    "fillColor": [
        255,
        0,
        0,
        128
    ],
    "imagePath": "789.jpeg",
    "imageData": "",
    "imageHeight": 480,
    "imageWidth": 640
}