{
    "version": "5.0.2",
    "flags": {},
    "shapes": [
        {
            "label": "Back_ID_Card",
            "line_color": null,
            "fill_color": null,
            "points": [
                [
                    70.38461538461539,
                    336.4102564102564
                ],
                [
                    80.12820512820514,
                    325.12820512820514
                ],
                [
                    373.46153846153845,
                    312.8205128205128
                ],
                [
                    382.6923076923077,
                    325.64102564102564
                ],
                [
                    398.0769230769231,
                    422.5641025641026
                ],
                [
                    390.8974358974359,
                    432.3076923076923
                ],
                [
                    89.87179487179486,
                    440.5128205128205
                ],
                [
                    79.10256410256412,
                    432.8205128205128
                ]
            ],
            "shape_type": "polygon",
            "flags": {}
        }
    ],
    "lineColor": [
        0,
        255,
        0,
        128
    ],
    "fillColor": [
        255,
        0,
        0,
        128
    ],
    "imagePath": "792.jpeg",
    "imageData": "",
    "imageHeight": 480,
    "imageWidth": 640
}