{
    "version": "5.0.2",
    "flags": {},
    "shapes": [
        {
            "label": "Back_ID_Card",
            "line_color": null,
            "fill_color": null,
            "points": [
                [
                    566.7948717948718,
                    17.435897435897438
                ],
                [
                    590.8974358974359,
                    30.256410256410255
                ],
                [
                    592.948717948718,
                    437.43589743589746
                ],
                [
                    582.6923076923077,
                    454.35897435897436
                ],
                [
                    97.56410256410257,
                    457.43589743589746
                ],
                [
                    77.56410256410257,
                    436.9230769230769
                ],
                [
                    75.51282051282053,
                    39.48717948717949
                ],
                [
                    108.84615384615384,
                    22.05128205128205
                ]
            ],
            "shape_type": "polygon",
            "flags": {}
        }
    ],
    "lineColor": [
        0,
        255,
        0,
        128
    ],
    "fillColor": [
        255,
        0,
        0,
        128
    ],
    "imagePath": "794.JPEG",
    "imageData": "",
    "imageHeight": 480,
    "imageWidth": 640
}