{
    "version": "5.0.2",
    "flags": {},
    "shapes": [
        {
            "label": "Back_ID_Card",
            "line_color": null,
            "fill_color": null,
            "points": [
                [
                    87.82051282051282,
                    190.76923076923077
                ],
                [
                    100.64102564102564,
                    181.53846153846155
                ],
                [
                    400.12820512820514,
                    189.23076923076923
                ],
                [
                    409.35897435897436,
                    200.0
                ],
                [
                    397.05128205128204,
                    301.53846153846155
                ],
                [
                    386.7948717948718,
                    308.20512820512823
                ],
                [
                    84.74358974358975,
                    294.87179487179486
                ],
                [
                    77.05128205128204,
                    286.15384615384613
                ]
            ],
            "shape_type": "polygon",
            "flags": {}
        }
    ],
    "lineColor": [
        0,
        255,
        0,
        128
    ],
    "fillColor": [
        255,
        0,
        0,
        128
    ],
    "imagePath": "796.jpeg",
    "imageData": "",
    "imageHeight": 480,
    "imageWidth": 640
}