{
    "version": "5.0.2",
    "flags": {},
    "shapes": [
        {
            "label": "Back_ID_Card",
            "line_color": null,
            "fill_color": null,
            "points": [
                [
                    53.97435897435898,
                    234.35897435897436
                ],
                [
                    65.76923076923077,
                    219.4871794871795
                ],
                [
                    485.76923076923083,
                    208.71794871794873
                ],
                [
                    498.58974358974365,
                    216.92307692307693
                ],
                [
                    511.9230769230769,
                    354.87179487179486
                ],
                [
                    495.0,
                    367.1794871794872
                ],
                [
                    78.58974358974359,
                    377.43589743589746
                ],
                [
                    66.2820512820513,
                    365.12820512820514
                ]
            ],
            "shape_type": "polygon",
            "flags": {}
        }
    ],
    "lineColor": [
        0,
        255,
        0,
        128
    ],
    "fillColor": [
        255,
        0,
        0,
        128
    ],
    "imagePath": "798.jpeg",
    "imageData": "",
    "imageHeight": 480,
    "imageWidth": 640
}