{
    "version": "5.0.2",
    "flags": {},
    "shapes": [
        {
            "label": "Back_ID_Card",
            "line_color": null,
            "fill_color": null,
            "points": [
                [
                    70.38461538461539,
                    42.56410256410256
                ],
                [
                    91.41025641025641,
                    21.025641025641026
                ],
                [
                    562.6923076923077,
                    26.153846153846153
                ],
                [
                    584.7435897435897,
                    42.05128205128205
                ],
                [
                    615.5128205128206,
                    386.1538461538462
                ],
                [
                    597.0512820512821,
                    410.2564102564103
                ],
                [
                    43.71794871794873,
                    389.7435897435898
                ],
                [
                    27.307692307692307,
                    367.1794871794872
                ]
            ],
            "shape_type": "polygon",
            "flags": {}
        }
    ],
    "lineColor": [
        0,
        255,
        0,
        128
    ],
    "fillColor": [
        255,
        0,
        0,
        128
    ],
    "imagePath": "801.JPEG",
    "imageData": "",
    "imageHeight": 480,
    "imageWidth": 640
}