{
    "version": "5.0.2",
    "flags": {},
    "shapes": [
        {
            "label": "Back_ID_Card",
            "line_color": null,
            "fill_color": null,
            "points": [
                [
                    581.6666666666666,
                    18.461538461538463
                ],
                [
                    611.9230769230769,
                    36.41025641025641
                ],
                [
                    621.1538461538462,
                    434.87179487179486
                ],
                [
                    598.0769230769231,
                    451.28205128205127
                ],
                [
                    19.615384615384613,
                    453.33333333333337
                ],
                [
                    4.743589743589752,
                    433.84615384615387
                ],
                [
                    22.692307692307693,
                    30.256410256410255
                ],
                [
                    50.89743589743591,
                    12.820512820512821
                ]
            ],
            "shape_type": "polygon",
            "flags": {}
        }
    ],
    "lineColor": [
        0,
        255,
        0,
        128
    ],
    "fillColor": [
        255,
        0,
        0,
        128
    ],
    "imagePath": "806.JPEG",
    "imageData": "",
    "imageHeight": 480,
    "imageWidth": 640
}