{
    "version": "5.0.2",
    "flags": {},
    "shapes": [
        {
            "label": "Back_ID_Card",
            "line_color": null,
            "fill_color": null,
            "points": [
                [
                    73.97435897435898,
                    61.53846153846154
                ],
                [
                    88.84615384615384,
                    37.94871794871795
                ],
                [
                    571.4102564102565,
                    42.05128205128205
                ],
                [
                    588.3333333333334,
                    59.48717948717949
                ],
                [
                    587.3076923076924,
                    407.6923076923077
                ],
                [
                    569.3589743589744,
                    427.1794871794872
                ],
                [
                    86.7948717948718,
                    423.5897435897436
                ],
                [
                    71.41025641025641,
                    399.4871794871795
                ]
            ],
            "shape_type": "polygon",
            "flags": {}
        }
    ],
    "lineColor": [
        0,
        255,
        0,
        128
    ],
    "fillColor": [
        255,
        0,
        0,
        128
    ],
    "imagePath": "808.JPEG",
    "imageData": "",
    "imageHeight": 480,
    "imageWidth": 640
}