{
    "version": "5.0.2",
    "flags": {},
    "shapes": [
        {
            "label": "Back_ID_Card",
            "line_color": null,
            "fill_color": null,
            "points": [
                [
                    107.82051282051282,
                    452.8205128205128
                ],
                [
                    76.53846153846155,
                    433.33333333333337
                ],
                [
                    32.948717948717956,
                    55.38461538461539
                ],
                [
                    56.53846153846155,
                    36.41025641025641
                ],
                [
                    572.948717948718,
                    32.30769230769231
                ],
                [
                    594.4871794871794,
                    43.58974358974359
                ],
                [
                    610.3846153846154,
                    423.0769230769231
                ],
                [
                    595.0,
                    440.5128205128205
                ]
            ],
            "shape_type": "polygon",
            "flags": {}
        }
    ],
    "lineColor": [
        0,
        255,
        0,
        128
    ],
    "fillColor": [
        255,
        0,
        0,
        128
    ],
    "imagePath": "809.JPEG",
    "imageData": "",
    "imageHeight": 480,
    "imageWidth": 640
}