{
    "version": "5.0.2",
    "flags": {},
    "shapes": [
        {
            "label": "Back_ID_Card",
            "line_color": null,
            "fill_color": null,
            "points": [
                [
                    44.230769230769226,
                    63.58974358974359
                ],
                [
                    60.12820512820514,
                    44.61538461538461
                ],
                [
                    597.0512820512821,
                    28.205128205128204
                ],
                [
                    616.5384615384615,
                    53.333333333333336
                ],
                [
                    630.3846153846154,
                    441.02564102564105
                ],
                [
                    609.8717948717949,
                    465.12820512820514
                ],
                [
                    41.15384615384616,
                    467.1794871794872
                ],
                [
                    24.230769230769226,
                    445.64102564102564
                ]
            ],
            "shape_type": "polygon",
            "flags": {}
        }
    ],
    "lineColor": [
        0,
        255,
        0,
        128
    ],
    "fillColor": [
        255,
        0,
        0,
        128
    ],
    "imagePath": "810.JPEG",
    "imageData": "",
    "imageHeight": 480,
    "imageWidth": 640
}