{
    "version": "5.0.2",
    "flags": {},
    "shapes": [
        {
            "label": "Back_ID_Card",
            "line_color": null,
            "fill_color": null,
            "points": [
                [
                    17.56410256410257,
                    66.66666666666667
                ],
                [
                    34.48717948717949,
                    52.820512820512825
                ],
                [
                    604.2307692307693,
                    48.205128205128204
                ],
                [
                    621.6666666666666,
                    68.2051282051282
                ],
                [
                    630.3846153846154,
                    241.02564102564102
                ],
                [
                    617.0512820512821,
                    257.43589743589746
                ],
                [
                    23.717948717948715,
                    266.15384615384613
                ],
                [
                    12.435897435897445,
                    250.76923076923077
                ]
            ],
            "shape_type": "polygon",
            "flags": {}
        }
    ],
    "lineColor": [
        0,
        255,
        0,
        128
    ],
    "fillColor": [
        255,
        0,
        0,
        128
    ],
    "imagePath": "812.jpeg",
    "imageData": "",
    "imageHeight": 480,
    "imageWidth": 640
}