{
    "version": "5.0.2",
    "flags": {},
    "shapes": [
        {
            "label": "Back_ID_Card",
            "line_color": null,
            "fill_color": null,
            "points": [
                [
                    98.0769230769231,
                    274.87179487179486
                ],
                [
                    106.2820512820513,
                    263.5897435897436
                ],
                [
                    392.43589743589746,
                    256.4102564102564
                ],
                [
                    404.7435897435898,
                    267.6923076923077
                ],
                [
                    412.43589743589746,
                    360.0
                ],
                [
                    406.28205128205127,
                    368.71794871794873
                ],
                [
                    106.2820512820513,
                    374.87179487179486
                ],
                [
                    100.64102564102564,
                    367.1794871794872
                ]
            ],
            "shape_type": "polygon",
            "flags": {}
        }
    ],
    "lineColor": [
        0,
        255,
        0,
        128
    ],
    "fillColor": [
        255,
        0,
        0,
        128
    ],
    "imagePath": "813.jpeg",
    "imageData": "",
    "imageHeight": 480,
    "imageWidth": 640
}