{
    "version": "5.0.2",
    "flags": {},
    "shapes": [
        {
            "label": "Back_ID_Card",
            "line_color": null,
            "fill_color": null,
            "points": [
                [
                    107.30769230769232,
                    196.4102564102564
                ],
                [
                    117.56410256410257,
                    187.17948717948718
                ],
                [
                    450.8974358974359,
                    191.2820512820513
                ],
                [
                    462.1794871794872,
                    200.51282051282053
                ],
                [
                    457.0512820512821,
                    309.7435897435897
                ],
                [
                    447.30769230769226,
                    320.0
                ],
                [
                    114.4871794871795,
                    309.7435897435897
                ],
                [
                    105.25641025641025,
                    302.05128205128204
                ]
            ],
            "shape_type": "polygon",
            "flags": {}
        }
    ],
    "lineColor": [
        0,
        255,
        0,
        128
    ],
    "fillColor": [
        255,
        0,
        0,
        128
    ],
    "imagePath": "819.jpeg",
    "imageData": "",
    "imageHeight": 480,
    "imageWidth": 640
}