{
    "version": "5.0.2",
    "flags": {},
    "shapes": [
        {
            "label": "Back_ID_Card",
            "line_color": null,
            "fill_color": null,
            "points": [
                [
                    507.8205128205128,
                    393.3333333333333
                ],
                [
                    495.51282051282055,
                    412.8205128205128
                ],
                [
                    124.23076923076923,
                    398.974358974359
                ],
                [
                    113.97435897435898,
                    385.64102564102564
                ],
                [
                    103.2051282051282,
                    93.33333333333333
                ],
                [
                    115.0,
                    78.46153846153847
                ],
                [
                    498.0769230769231,
                    81.02564102564102
                ],
                [
                    515.0,
                    101.53846153846155
                ]
            ],
            "shape_type": "polygon",
            "flags": {}
        }
    ],
    "lineColor": [
        0,
        255,
        0,
        128
    ],
    "fillColor": [
        255,
        0,
        0,
        128
    ],
    "imagePath": "825.jpeg",
    "imageData": "",
    "imageHeight": 480,
    "imageWidth": 640
}