{
    "version": "5.0.2",
    "flags": {},
    "shapes": [
        {
            "label": "Back_ID_Card",
            "line_color": null,
            "fill_color": null,
            "points": [
                [
                    17.56410256410257,
                    44.61538461538461
                ],
                [
                    38.07692307692308,
                    19.48717948717949
                ],
                [
                    595.5128205128206,
                    12.820512820512821
                ],
                [
                    619.1025641025641,
                    29.743589743589745
                ],
                [
                    635.0,
                    418.46153846153845
                ],
                [
                    617.5641025641025,
                    441.02564102564105
                ],
                [
                    26.794871794871796,
                    454.87179487179486
                ],
                [
                    10.897435897435898,
                    430.7692307692308
                ]
            ],
            "shape_type": "polygon",
            "flags": {}
        }
    ],
    "lineColor": [
        0,
        255,
        0,
        128
    ],
    "fillColor": [
        255,
        0,
        0,
        128
    ],
    "imagePath": "828.JPEG",
    "imageData": "",
    "imageHeight": 480,
    "imageWidth": 640
}