{
    "version": "5.0.2",
    "flags": {},
    "shapes": [
        {
            "label": "Back_ID_Card",
            "line_color": null,
            "fill_color": null,
            "points": [
                [
                    25.769230769230774,
                    97.94871794871796
                ],
                [
                    45.25641025641025,
                    72.3076923076923
                ],
                [
                    596.025641025641,
                    48.205128205128204
                ],
                [
                    617.0512820512821,
                    67.17948717948718
                ],
                [
                    636.025641025641,
                    413.84615384615387
                ],
                [
                    621.1538461538462,
                    437.43589743589746
                ],
                [
                    48.84615384615384,
                    445.12820512820514
                ],
                [
                    32.435897435897445,
                    418.46153846153845
                ]
            ],
            "shape_type": "polygon",
            "flags": {}
        }
    ],
    "lineColor": [
        0,
        255,
        0,
        128
    ],
    "fillColor": [
        255,
        0,
        0,
        128
    ],
    "imagePath": "831.JPEG",
    "imageData": "",
    "imageHeight": 480,
    "imageWidth": 640
}