{
    "version": "5.0.2",
    "flags": {},
    "shapes": [
        {
            "label": "Back_ID_Card",
            "line_color": null,
            "fill_color": null,
            "points": [
                [
                    16.538461538461547,
                    49.23076923076923
                ],
                [
                    38.58974358974359,
                    23.076923076923077
                ],
                [
                    600.6410256410256,
                    21.025641025641026
                ],
                [
                    618.5897435897436,
                    40.51282051282051
                ],
                [
                    620.1282051282052,
                    408.71794871794873
                ],
                [
                    597.0512820512821,
                    431.7948717948718
                ],
                [
                    44.230769230769226,
                    457.43589743589746
                ],
                [
                    22.179487179487182,
                    433.33333333333337
                ]
            ],
            "shape_type": "polygon",
            "flags": {}
        }
    ],
    "lineColor": [
        0,
        255,
        0,
        128
    ],
    "fillColor": [
        255,
        0,
        0,
        128
    ],
    "imagePath": "861.JPEG",
    "imageData": "",
    "imageHeight": 480,
    "imageWidth": 640
}