{
    "version": "5.0.2",
    "flags": {},
    "shapes": [
        {
            "label": "Back_ID_Card",
            "line_color": null,
            "fill_color": null,
            "points": [
                [
                    37.05128205128206,
                    49.743589743589745
                ],
                [
                    53.46153846153845,
                    24.615384615384617
                ],
                [
                    535.5128205128206,
                    9.743589743589745
                ],
                [
                    555.5128205128206,
                    30.256410256410255
                ],
                [
                    569.3589743589744,
                    443.0769230769231
                ],
                [
                    551.4102564102565,
                    471.28205128205127
                ],
                [
                    37.05128205128206,
                    463.5897435897436
                ],
                [
                    19.615384615384613,
                    436.4102564102564
                ]
            ],
            "shape_type": "polygon",
            "flags": {}
        }
    ],
    "lineColor": [
        0,
        255,
        0,
        128
    ],
    "fillColor": [
        255,
        0,
        0,
        128
    ],
    "imagePath": "869.jpeg",
    "imageData": "",
    "imageHeight": 480,
    "imageWidth": 640
}