{
    "version": "5.0.2",
    "flags": {},
    "shapes": [
        {
            "label": "Back_ID_Card",
            "line_color": null,
            "fill_color": null,
            "points": [
                [
                    122.17948717948718,
                    154.35897435897436
                ],
                [
                    132.94871794871796,
                    142.05128205128204
                ],
                [
                    472.948717948718,
                    142.05128205128204
                ],
                [
                    487.30769230769226,
                    153.84615384615384
                ],
                [
                    484.7435897435897,
                    266.15384615384613
                ],
                [
                    472.43589743589746,
                    273.84615384615387
                ],
                [
                    120.12820512820514,
                    272.3076923076923
                ],
                [
                    113.46153846153845,
                    264.1025641025641
                ]
            ],
            "shape_type": "polygon",
            "flags": {}
        }
    ],
    "lineColor": [
        0,
        255,
        0,
        128
    ],
    "fillColor": [
        255,
        0,
        0,
        128
    ],
    "imagePath": "872.jpeg",
    "imageData": "",
    "imageHeight": 480,
    "imageWidth": 640
}