{
    "version": "5.0.2",
    "flags": {},
    "shapes": [
        {
            "label": "Back_ID_Card",
            "line_color": null,
            "fill_color": null,
            "points": [
                [
                    28.333333333333343,
                    47.69230769230769
                ],
                [
                    48.84615384615384,
                    22.05128205128205
                ],
                [
                    598.5897435897436,
                    23.076923076923077
                ],
                [
                    616.025641025641,
                    45.64102564102564
                ],
                [
                    620.6410256410256,
                    415.3846153846154
                ],
                [
                    605.2564102564103,
                    434.35897435897436
                ],
                [
                    54.4871794871795,
                    450.7692307692308
                ],
                [
                    36.02564102564102,
                    425.64102564102564
                ]
            ],
            "shape_type": "polygon",
            "flags": {}
        }
    ],
    "lineColor": [
        0,
        255,
        0,
        128
    ],
    "fillColor": [
        255,
        0,
        0,
        128
    ],
    "imagePath": "884.JPEG",
    "imageData": "",
    "imageHeight": 480,
    "imageWidth": 640
}