{
    "version": "5.0.2",
    "flags": {},
    "shapes": [
        {
            "label": "Back_ID_Card",
            "line_color": null,
            "fill_color": null,
            "points": [
                [
                    21.66666666666667,
                    49.23076923076923
                ],
                [
                    38.58974358974359,
                    27.17948717948718
                ],
                [
                    591.4102564102565,
                    35.8974358974359
                ],
                [
                    607.8205128205128,
                    54.35897435897436
                ],
                [
                    593.4615384615385,
                    449.7435897435898
                ],
                [
                    571.9230769230769,
                    465.12820512820514
                ],
                [
                    39.1025641025641,
                    445.12820512820514
                ],
                [
                    27.820512820512818,
                    425.64102564102564
                ]
            ],
            "shape_type": "polygon",
            "flags": {}
        }
    ],
    "lineColor": [
        0,
        255,
        0,
        128
    ],
    "fillColor": [
        255,
        0,
        0,
        128
    ],
    "imagePath": "888.jpeg",
    "imageData": "",
    "imageHeight": 480,
    "imageWidth": 640
}