{
    "version": "5.0.2",
    "flags": {},
    "shapes": [
        {
            "label": "Back_ID_Card",
            "line_color": null,
            "fill_color": null,
            "points": [
                [
                    2.6923076923076934,
                    135.8974358974359
                ],
                [
                    12.948717948717956,
                    121.02564102564102
                ],
                [
                    573.974358974359,
                    97.94871794871796
                ],
                [
                    592.948717948718,
                    110.25641025641026
                ],
                [
                    619.6153846153846,
                    316.4102564102564
                ],
                [
                    606.2820512820513,
                    334.35897435897436
                ],
                [
                    31.41025641025641,
                    361.02564102564105
                ],
                [
                    18.07692307692308,
                    353.3333333333333
                ]
            ],
            "shape_type": "polygon",
            "flags": {}
        }
    ],
    "lineColor": [
        0,
        255,
        0,
        128
    ],
    "fillColor": [
        255,
        0,
        0,
        128
    ],
    "imagePath": "892.JPEG",
    "imageData": "",
    "imageHeight": 480,
    "imageWidth": 640
}