{
    "version": "5.0.2",
    "flags": {},
    "shapes": [
        {
            "label": "Back_ID_Card",
            "line_color": null,
            "fill_color": null,
            "points": [
                [
                    471.9230769230769,
                    114.87179487179488
                ],
                [
                    481.1538461538462,
                    123.58974358974359
                ],
                [
                    493.46153846153845,
                    386.6666666666667
                ],
                [
                    483.71794871794873,
                    392.3076923076923
                ],
                [
                    192.94871794871796,
                    400.5128205128205
                ],
                [
                    178.0769230769231,
                    385.12820512820514
                ],
                [
                    162.6923076923077,
                    127.6923076923077
                ],
                [
                    173.46153846153845,
                    116.41025641025641
                ]
            ],
            "shape_type": "polygon",
            "flags": {}
        }
    ],
    "lineColor": [
        0,
        255,
        0,
        128
    ],
    "fillColor": [
        255,
        0,
        0,
        128
    ],
    "imagePath": "910.jpeg",
    "imageData": "",
    "imageHeight": 480,
    "imageWidth": 640
}