{
    "version": "5.0.2",
    "flags": {},
    "shapes": [
        {
            "label": "Back_ID_Card",
            "line_color": null,
            "fill_color": null,
            "points": [
                [
                    202.17948717948718,
                    173.84615384615384
                ],
                [
                    207.82051282051282,
                    160.0
                ],
                [
                    502.1794871794872,
                    107.17948717948718
                ],
                [
                    510.8974358974359,
                    111.7948717948718
                ],
                [
                    553.974358974359,
                    287.6923076923077
                ],
                [
                    552.4358974358975,
                    298.46153846153845
                ],
                [
                    248.33333333333331,
                    362.5641025641026
                ],
                [
                    237.05128205128204,
                    354.35897435897436
                ]
            ],
            "shape_type": "polygon",
            "flags": {}
        }
    ],
    "lineColor": [
        0,
        255,
        0,
        128
    ],
    "fillColor": [
        255,
        0,
        0,
        128
    ],
    "imagePath": "911.jpeg",
    "imageData": "",
    "imageHeight": 480,
    "imageWidth": 640
}