{
    "version": "5.0.2",
    "flags": {},
    "shapes": [
        {
            "label": "Back_ID_Card",
            "line_color": null,
            "fill_color": null,
            "points": [
                [
                    254.4871794871795,
                    177.94871794871796
                ],
                [
                    262.1794871794872,
                    164.10256410256412
                ],
                [
                    586.7948717948718,
                    167.6923076923077
                ],
                [
                    595.5128205128206,
                    178.97435897435898
                ],
                [
                    580.1282051282052,
                    368.20512820512823
                ],
                [
                    570.8974358974359,
                    376.9230769230769
                ],
                [
                    263.71794871794873,
                    373.84615384615387
                ],
                [
                    253.974358974359,
                    364.61538461538464
                ]
            ],
            "shape_type": "polygon",
            "flags": {}
        }
    ],
    "lineColor": [
        0,
        255,
        0,
        128
    ],
    "fillColor": [
        255,
        0,
        0,
        128
    ],
    "imagePath": "926.jpeg",
    "imageData": "",
    "imageHeight": 480,
    "imageWidth": 640
}