{
    "version": "5.0.2",
    "flags": {},
    "shapes": [
        {
            "label": "Back_ID_Card",
            "line_color": null,
            "fill_color": null,
            "points": [
                [
                    25.256410256410263,
                    64.1025641025641
                ],
                [
                    43.205128205128204,
                    40.0
                ],
                [
                    580.1282051282052,
                    24.615384615384617
                ],
                [
                    597.5641025641025,
                    41.53846153846154
                ],
                [
                    607.8205128205128,
                    424.1025641025641
                ],
                [
                    590.8974358974359,
                    449.2307692307692
                ],
                [
                    43.71794871794873,
                    458.46153846153845
                ],
                [
                    24.74358974358975,
                    436.4102564102564
                ]
            ],
            "shape_type": "polygon",
            "flags": {}
        }
    ],
    "lineColor": [
        0,
        255,
        0,
        128
    ],
    "fillColor": [
        255,
        0,
        0,
        128
    ],
    "imagePath": "940.JPEG",
    "imageData": "",
    "imageHeight": 480,
    "imageWidth": 640
}