{
    "version": "5.0.2",
    "flags": {},
    "shapes": [
        {
            "label": "Back_ID_Card",
            "line_color": null,
            "fill_color": null,
            "points": [
                [
                    24.230769230769226,
                    222.05128205128204
                ],
                [
                    38.58974358974359,
                    210.25641025641025
                ],
                [
                    512.4358974358975,
                    195.3846153846154
                ],
                [
                    529.3589743589744,
                    205.64102564102564
                ],
                [
                    538.5897435897436,
                    403.0769230769231
                ],
                [
                    525.2564102564103,
                    418.46153846153845
                ],
                [
                    10.384615384615387,
                    390.7692307692308
                ],
                [
                    2.1794871794871824,
                    372.8205128205128
                ]
            ],
            "shape_type": "polygon",
            "flags": {}
        }
    ],
    "lineColor": [
        0,
        255,
        0,
        128
    ],
    "fillColor": [
        255,
        0,
        0,
        128
    ],
    "imagePath": "950.jpeg",
    "imageData": "",
    "imageHeight": 480,
    "imageWidth": 640
}