{
    "version": "5.0.2",
    "flags": {},
    "shapes": [
        {
            "label": "Back_ID_Card",
            "line_color": null,
            "fill_color": null,
            "points": [
                [
                    269.87179487179486,
                    249.74358974358975
                ],
                [
                    277.5641025641026,
                    236.4102564102564
                ],
                [
                    562.6923076923077,
                    227.17948717948718
                ],
                [
                    573.4615384615385,
                    234.35897435897436
                ],
                [
                    588.8461538461538,
                    410.7692307692308
                ],
                [
                    582.1794871794872,
                    423.0769230769231
                ],
                [
                    284.7435897435898,
                    441.02564102564105
                ],
                [
                    276.02564102564105,
                    432.8205128205128
                ]
            ],
            "shape_type": "polygon",
            "flags": {}
        }
    ],
    "lineColor": [
        0,
        255,
        0,
        128
    ],
    "fillColor": [
        255,
        0,
        0,
        128
    ],
    "imagePath": "952.jpeg",
    "imageData": "",
    "imageHeight": 480,
    "imageWidth": 640
}