{
    "version": "5.0.2",
    "flags": {},
    "shapes": [
        {
            "label": "Back_ID_Card",
            "line_color": null,
            "fill_color": null,
            "points": [
                [
                    29.358974358974365,
                    57.43589743589744
                ],
                [
                    47.82051282051282,
                    33.84615384615385
                ],
                [
                    555.5128205128206,
                    2.5641025641025643
                ],
                [
                    580.6410256410256,
                    12.307692307692308
                ],
                [
                    612.4358974358975,
                    430.2564102564103
                ],
                [
                    587.8205128205128,
                    454.35897435897436
                ],
                [
                    24.74358974358975,
                    467.1794871794872
                ],
                [
                    10.897435897435898,
                    444.61538461538464
                ]
            ],
            "shape_type": "polygon",
            "flags": {}
        }
    ],
    "lineColor": [
        0,
        255,
        0,
        128
    ],
    "fillColor": [
        255,
        0,
        0,
        128
    ],
    "imagePath": "992.JPEG",
    "imageData": "",
    "imageHeight": 480,
    "imageWidth": 640
}