{
    "version": "5.0.2",
    "flags": {},
    "shapes": [
        {
            "label": "Back_ID_Card",
            "line_color": null,
            "fill_color": null,
            "points": [
                [
                    10.384615384615387,
                    87.6923076923077
                ],
                [
                    30.897435897435898,
                    60.51282051282051
                ],
                [
                    581.6666666666666,
                    13.333333333333334
                ],
                [
                    604.2307692307693,
                    25.128205128205128
                ],
                [
                    639,
                    418
                ],
                [
                    620.6410256410256,
                    448.20512820512823
                ],
                [
                    25.769230769230774,
                    477.43589743589746
                ],
                [
                    8.846153846153854,
                    456.9230769230769
                ]
            ],
            "shape_type": "polygon",
            "flags": {}
        }
    ],
    "lineColor": [
        0,
        255,
        0,
        128
    ],
    "fillColor": [
        255,
        0,
        0,
        128
    ],
    "imagePath": "993.JPEG",
    "imageData": "",
    "imageHeight": 480,
    "imageWidth": 640
}