{
    "version": "5.0.2",
    "flags": {},
    "shapes": [
        {
            "label": "Back_ID_Card",
            "line_color": null,
            "fill_color": null,
            "points": [
                [
                    562.6923076923077,
                    6.153846153846154
                ],
                [
                    592.4358974358975,
                    26.666666666666668
                ],
                [
                    608.8461538461538,
                    443.0769230769231
                ],
                [
                    588.8461538461538,
                    462.05128205128204
                ],
                [
                    85.25641025641025,
                    468.71794871794873
                ],
                [
                    57.56410256410257,
                    454.35897435897436
                ],
                [
                    37.56410256410257,
                    24.102564102564102
                ],
                [
                    58.58974358974359,
                    8.717948717948719
                ]
            ],
            "shape_type": "polygon",
            "flags": {}
        }
    ],
    "lineColor": [
        0,
        255,
        0,
        128
    ],
    "fillColor": [
        255,
        0,
        0,
        128
    ],
    "imagePath": "994.JPEG",
    "imageData": "",
    "imageHeight": 480,
    "imageWidth": 640
}